number,opcode,operands,result,may_throw,may_bailout,may_call_php,may_run_dtor,reference_semantics,observer_boundary,interrupt_boundary,existing_jit_support,planned_znmir_lowering,n0_x64,n0_a64,special_cases,effect_ids,read_domains,write_domains,ownership_actions,barrier_ids,tests,source_refs,reason
0,ZEND_NOP,"{""dispatches"":[],""extended"":[],""handler_style"":""ZEND_VM_HOT_HANDLER"",""op1"":[""ANY""],""op2"":[""ANY""],""spec"":[],""variants"":[]}",none,never,never,never,never,The cited handler has no reference-specific path; ordinary zval operands may still be dereferenced only according to their declared handler forms.,never,never,partial,runtime.misc,not_started,not_started,[],[],[],[],[],[],"[""contract.opcode_matrix"",""opcode.ZEND_NOP""]","[{""end_line"":8168,""path"":""Zend/zend_vm_def.h"",""start_line"":8162,""symbol"":""ZEND_NOP""},{""end_line"":2755,""path"":""ext/opcache/jit/zend_jit.c"",""start_line"":2755,""symbol"":""ZEND_NOP""}]",The cited VM definition is an explicit control/metadata no-op with pure/no-memory/no-ownership behavior; it contains no semantic value access.
1,ZEND_ADD,"{""dispatches"":[{""kind"":""helper"",""source_line"":81,""target"":""zend_add_helper"",""target_end_line"":45,""target_start_line"":25}],""extended"":[],""handler_style"":""ZEND_VM_HOT_NOCONSTCONST_HANDLER"",""op1"":[""CONST"",""TMPVARCV""],""op2"":[""CONST"",""TMPVARCV""],""spec"":[],""variants"":[{""condition"":""(res_info == MAY_BE_LONG && op1_info == MAY_BE_LONG && op2_info == MAY_BE_LONG)"",""extended"":[],""handler_style"":""ZEND_VM_HOT_TYPE_SPEC_HANDLER"",""name"":""ZEND_ADD_LONG_NO_OVERFLOW"",""op1"":[""CONST"",""TMPVARCV""],""op2"":[""CONST"",""TMPVARCV""],""source_line"":10136,""spec"":[""NO_CONST_CONST"",""COMMUTATIVE""]},{""condition"":""(op1_info == MAY_BE_LONG && op2_info == MAY_BE_LONG)"",""extended"":[],""handler_style"":""ZEND_VM_HOT_TYPE_SPEC_HANDLER"",""name"":""ZEND_ADD_LONG"",""op1"":[""CONST"",""TMPVARCV""],""op2"":[""CONST"",""TMPVARCV""],""source_line"":10148,""spec"":[""NO_CONST_CONST"",""COMMUTATIVE""]},{""condition"":""(op1_info == MAY_BE_DOUBLE && op2_info == MAY_BE_DOUBLE)"",""extended"":[],""handler_style"":""ZEND_VM_HOT_TYPE_SPEC_HANDLER"",""name"":""ZEND_ADD_DOUBLE"",""op1"":[""CONST"",""TMPVARCV""],""op2"":[""CONST"",""TMPVARCV""],""source_line"":10160,""spec"":[""NO_CONST_CONST"",""COMMUTATIVE""]}]}",temporary,conditional,never,never,conditional,The cited handler has no reference-specific path; ordinary zval operands may still be dereferenced only according to their declared handler forms.,never,never,both,scalar.binary,not_started,not_started,"[""destructor"",""exception""]","[""call_internal"",""read_memory"",""run_destructor"",""throw"",""write_memory""]","[""engine.exception"",""frame.locals"",""frame.temps"",""heap.zval""]","[""engine.exception"",""frame.temps"",""gc.metadata"",""heap.zval""]","[""conditional_destroy"",""produce_owned""]","[""destructor"",""exception""]","[""contract.opcode_matrix"",""opcode.ZEND_ADD""]","[{""end_line"":45,""path"":""Zend/zend_vm_def.h"",""start_line"":25,""symbol"":""zend_add_helper""},{""end_line"":83,""path"":""Zend/zend_vm_def.h"",""start_line"":46,""symbol"":""ZEND_ADD""},{""end_line"":1717,""path"":""ext/opcache/jit/zend_jit.c"",""start_line"":1717,""symbol"":""ZEND_ADD""},{""end_line"":4562,""path"":""ext/opcache/jit/zend_jit_trace.c"",""start_line"":4562,""symbol"":""ZEND_ADD""}]",The cited VM handler and operand declaration provide the exception paths used for this conservative annotation; JIT status uses only cited compiler cases. Dispatched helper definitions (zend_add_helper) are cited and included in the conservative effect union.
2,ZEND_SUB,"{""dispatches"":[{""kind"":""helper"",""source_line"":140,""target"":""zend_sub_helper"",""target_end_line"":104,""target_start_line"":84}],""extended"":[],""handler_style"":""ZEND_VM_HOT_NOCONSTCONST_HANDLER"",""op1"":[""CONST"",""TMPVARCV""],""op2"":[""CONST"",""TMPVARCV""],""spec"":[],""variants"":[{""condition"":""(res_info == MAY_BE_LONG && op1_info == MAY_BE_LONG && op2_info == MAY_BE_LONG)"",""extended"":[],""handler_style"":""ZEND_VM_HOT_TYPE_SPEC_HANDLER"",""name"":""ZEND_SUB_LONG_NO_OVERFLOW"",""op1"":[""CONST"",""TMPVARCV""],""op2"":[""CONST"",""TMPVARCV""],""source_line"":10172,""spec"":[""NO_CONST_CONST""]},{""condition"":""(op1_info == MAY_BE_LONG && op2_info == MAY_BE_LONG)"",""extended"":[],""handler_style"":""ZEND_VM_HOT_TYPE_SPEC_HANDLER"",""name"":""ZEND_SUB_LONG"",""op1"":[""CONST"",""TMPVARCV""],""op2"":[""CONST"",""TMPVARCV""],""source_line"":10184,""spec"":[""NO_CONST_CONST""]},{""condition"":""(op1_info == MAY_BE_DOUBLE && op2_info == MAY_BE_DOUBLE)"",""extended"":[],""handler_style"":""ZEND_VM_HOT_TYPE_SPEC_HANDLER"",""name"":""ZEND_SUB_DOUBLE"",""op1"":[""CONST"",""TMPVARCV""],""op2"":[""CONST"",""TMPVARCV""],""source_line"":10196,""spec"":[""NO_CONST_CONST""]}]}",temporary,conditional,never,never,conditional,The cited handler has no reference-specific path; ordinary zval operands may still be dereferenced only according to their declared handler forms.,never,never,both,scalar.binary,not_started,not_started,"[""destructor"",""exception""]","[""call_internal"",""read_memory"",""run_destructor"",""throw"",""write_memory""]","[""engine.exception"",""frame.locals"",""frame.temps"",""heap.zval""]","[""engine.exception"",""frame.temps"",""gc.metadata"",""heap.zval""]","[""conditional_destroy"",""produce_owned""]","[""destructor"",""exception""]","[""contract.opcode_matrix"",""opcode.ZEND_SUB""]","[{""end_line"":104,""path"":""Zend/zend_vm_def.h"",""start_line"":84,""symbol"":""zend_sub_helper""},{""end_line"":142,""path"":""Zend/zend_vm_def.h"",""start_line"":105,""symbol"":""ZEND_SUB""},{""end_line"":1718,""path"":""ext/opcache/jit/zend_jit.c"",""start_line"":1718,""symbol"":""ZEND_SUB""},{""end_line"":4563,""path"":""ext/opcache/jit/zend_jit_trace.c"",""start_line"":4563,""symbol"":""ZEND_SUB""}]",The cited VM handler and operand declaration provide the exception paths used for this conservative annotation; JIT status uses only cited compiler cases. Dispatched helper definitions (zend_sub_helper) are cited and included in the conservative effect union.
3,ZEND_MUL,"{""dispatches"":[{""kind"":""helper"",""source_line"":202,""target"":""zend_mul_helper"",""target_end_line"":163,""target_start_line"":143}],""extended"":[],""handler_style"":""ZEND_VM_COLD_CONSTCONST_HANDLER"",""op1"":[""CONST"",""TMPVARCV""],""op2"":[""CONST"",""TMPVARCV""],""spec"":[""COMMUTATIVE""],""variants"":[{""condition"":""(res_info == MAY_BE_LONG && op1_info == MAY_BE_LONG && op2_info == MAY_BE_LONG)"",""extended"":[],""handler_style"":""ZEND_VM_HOT_TYPE_SPEC_HANDLER"",""name"":""ZEND_MUL_LONG_NO_OVERFLOW"",""op1"":[""CONST"",""TMPVARCV""],""op2"":[""CONST"",""TMPVARCV""],""source_line"":10208,""spec"":[""NO_CONST_CONST"",""COMMUTATIVE""]},{""condition"":""(op1_info == MAY_BE_LONG && op2_info == MAY_BE_LONG)"",""extended"":[],""handler_style"":""ZEND_VM_HOT_TYPE_SPEC_HANDLER"",""name"":""ZEND_MUL_LONG"",""op1"":[""CONST"",""TMPVARCV""],""op2"":[""CONST"",""TMPVARCV""],""source_line"":10220,""spec"":[""NO_CONST_CONST"",""COMMUTATIVE""]},{""condition"":""(op1_info == MAY_BE_DOUBLE && op2_info == MAY_BE_DOUBLE)"",""extended"":[],""handler_style"":""ZEND_VM_HOT_TYPE_SPEC_HANDLER"",""name"":""ZEND_MUL_DOUBLE"",""op1"":[""CONST"",""TMPVARCV""],""op2"":[""CONST"",""TMPVARCV""],""source_line"":10234,""spec"":[""NO_CONST_CONST"",""COMMUTATIVE""]}]}",temporary,conditional,never,never,conditional,The cited handler has no reference-specific path; ordinary zval operands may still be dereferenced only according to their declared handler forms.,never,never,both,scalar.binary,not_started,not_started,"[""destructor"",""exception""]","[""call_internal"",""read_memory"",""run_destructor"",""throw"",""write_memory""]","[""engine.exception"",""frame.locals"",""frame.temps"",""heap.zval""]","[""engine.exception"",""frame.temps"",""gc.metadata"",""heap.zval""]","[""conditional_destroy"",""produce_owned""]","[""destructor"",""exception""]","[""contract.opcode_matrix"",""opcode.ZEND_MUL""]","[{""end_line"":163,""path"":""Zend/zend_vm_def.h"",""start_line"":143,""symbol"":""zend_mul_helper""},{""end_line"":204,""path"":""Zend/zend_vm_def.h"",""start_line"":164,""symbol"":""ZEND_MUL""},{""end_line"":1719,""path"":""ext/opcache/jit/zend_jit.c"",""start_line"":1719,""symbol"":""ZEND_MUL""},{""end_line"":4564,""path"":""ext/opcache/jit/zend_jit_trace.c"",""start_line"":4564,""symbol"":""ZEND_MUL""}]",The cited VM handler and operand declaration provide the exception paths used for this conservative annotation; JIT status uses only cited compiler cases. Dispatched helper definitions (zend_mul_helper) are cited and included in the conservative effect union.
4,ZEND_DIV,"{""dispatches"":[],""extended"":[],""handler_style"":""ZEND_VM_COLD_CONSTCONST_HANDLER"",""op1"":[""CONST"",""TMP"",""CV""],""op2"":[""CONST"",""TMP"",""CV""],""spec"":[],""variants"":[]}",temporary,conditional,conditional,never,conditional,The cited handler has no reference-specific path; ordinary zval operands may still be dereferenced only according to their declared handler forms.,never,never,partial,scalar.binary,not_started,not_started,"[""destructor"",""exception""]","[""bailout"",""read_memory"",""reenter_php"",""run_destructor"",""throw"",""write_memory""]","[""engine.exception"",""frame.call_chain"",""frame.locals"",""frame.temps"",""heap.zval""]","[""engine.exception"",""frame.call_chain"",""frame.temps"",""heap.zval""]","[""conditional_destroy"",""produce_owned""]","[""bailout"",""destructor"",""exception"",""reentrancy"",""safepoint""]","[""contract.opcode_matrix"",""opcode.ZEND_DIV""]","[{""end_line"":218,""path"":""Zend/zend_vm_def.h"",""start_line"":205,""symbol"":""ZEND_DIV""},{""end_line"":1403,""path"":""ext/opcache/jit/zend_jit.c"",""start_line"":1403,""symbol"":""ZEND_DIV""}]","The cited VM handler and operand declaration provide the exception, bailout, destructor paths used for this conservative annotation; JIT status uses only cited compiler cases."
5,ZEND_MOD,"{""dispatches"":[{""kind"":""helper"",""source_line"":263,""target"":""zend_mod_by_zero_helper"",""target_end_line"":228,""target_start_line"":219},{""kind"":""helper"",""source_line"":274,""target"":""zend_mod_helper"",""target_end_line"":249,""target_start_line"":229}],""extended"":[],""handler_style"":""ZEND_VM_COLD_CONSTCONST_HANDLER"",""op1"":[""CONST"",""TMPVARCV""],""op2"":[""CONST"",""TMPVARCV""],""spec"":[],""variants"":[]}",temporary,conditional,never,never,conditional,The cited handler has no reference-specific path; ordinary zval operands may still be dereferenced only according to their declared handler forms.,never,never,both,scalar.binary,not_started,not_started,"[""destructor"",""exception""]","[""call_internal"",""read_memory"",""run_destructor"",""throw"",""write_memory""]","[""engine.exception"",""frame.locals"",""frame.temps"",""heap.zval""]","[""engine.exception"",""frame.temps"",""gc.metadata"",""heap.zval""]","[""conditional_destroy"",""produce_owned""]","[""destructor"",""exception""]","[""contract.opcode_matrix"",""opcode.ZEND_MOD""]","[{""end_line"":228,""path"":""Zend/zend_vm_def.h"",""start_line"":219,""symbol"":""zend_mod_by_zero_helper""},{""end_line"":249,""path"":""Zend/zend_vm_def.h"",""start_line"":229,""symbol"":""zend_mod_helper""},{""end_line"":276,""path"":""Zend/zend_vm_def.h"",""start_line"":250,""symbol"":""ZEND_MOD""},{""end_line"":1673,""path"":""ext/opcache/jit/zend_jit.c"",""start_line"":1673,""symbol"":""ZEND_MOD""},{""end_line"":4528,""path"":""ext/opcache/jit/zend_jit_trace.c"",""start_line"":4528,""symbol"":""ZEND_MOD""}]","The cited VM handler and operand declaration provide the exception paths used for this conservative annotation; JIT status uses only cited compiler cases. Dispatched helper definitions (zend_mod_by_zero_helper, zend_mod_helper) are cited and included in the conservative effect union."
6,ZEND_SL,"{""dispatches"":[{""kind"":""helper"",""source_line"":316,""target"":""zend_shift_left_helper"",""target_end_line"":297,""target_start_line"":277}],""extended"":[],""handler_style"":""ZEND_VM_COLD_CONSTCONST_HANDLER"",""op1"":[""CONST"",""TMPVARCV""],""op2"":[""CONST"",""TMPVARCV""],""spec"":[],""variants"":[]}",temporary,conditional,never,never,conditional,The cited handler has no reference-specific path; ordinary zval operands may still be dereferenced only according to their declared handler forms.,never,never,both,scalar.binary,not_started,not_started,"[""destructor"",""exception""]","[""call_internal"",""read_memory"",""run_destructor"",""throw"",""write_memory""]","[""engine.exception"",""frame.locals"",""frame.temps"",""heap.zval""]","[""engine.exception"",""frame.temps"",""gc.metadata"",""heap.zval""]","[""conditional_destroy"",""produce_owned""]","[""destructor"",""exception""]","[""contract.opcode_matrix"",""opcode.ZEND_SL""]","[{""end_line"":297,""path"":""Zend/zend_vm_def.h"",""start_line"":277,""symbol"":""zend_shift_left_helper""},{""end_line"":318,""path"":""Zend/zend_vm_def.h"",""start_line"":298,""symbol"":""ZEND_SL""},{""end_line"":1671,""path"":""ext/opcache/jit/zend_jit.c"",""start_line"":1671,""symbol"":""ZEND_SL""},{""end_line"":4526,""path"":""ext/opcache/jit/zend_jit_trace.c"",""start_line"":4526,""symbol"":""ZEND_SL""}]",The cited VM handler and operand declaration provide the exception paths used for this conservative annotation; JIT status uses only cited compiler cases. Dispatched helper definitions (zend_shift_left_helper) are cited and included in the conservative effect union.
7,ZEND_SR,"{""dispatches"":[{""kind"":""helper"",""source_line"":356,""target"":""zend_shift_right_helper"",""target_end_line"":339,""target_start_line"":319}],""extended"":[],""handler_style"":""ZEND_VM_COLD_CONSTCONST_HANDLER"",""op1"":[""CONST"",""TMPVARCV""],""op2"":[""CONST"",""TMPVARCV""],""spec"":[],""variants"":[]}",temporary,conditional,never,never,conditional,The cited handler has no reference-specific path; ordinary zval operands may still be dereferenced only according to their declared handler forms.,never,never,both,scalar.binary,not_started,not_started,"[""destructor"",""exception""]","[""call_internal"",""read_memory"",""run_destructor"",""throw"",""write_memory""]","[""engine.exception"",""frame.locals"",""frame.temps"",""heap.zval""]","[""engine.exception"",""frame.temps"",""gc.metadata"",""heap.zval""]","[""conditional_destroy"",""produce_owned""]","[""destructor"",""exception""]","[""contract.opcode_matrix"",""opcode.ZEND_SR""]","[{""end_line"":339,""path"":""Zend/zend_vm_def.h"",""start_line"":319,""symbol"":""zend_shift_right_helper""},{""end_line"":358,""path"":""Zend/zend_vm_def.h"",""start_line"":340,""symbol"":""ZEND_SR""},{""end_line"":1672,""path"":""ext/opcache/jit/zend_jit.c"",""start_line"":1672,""symbol"":""ZEND_SR""},{""end_line"":4527,""path"":""ext/opcache/jit/zend_jit_trace.c"",""start_line"":4527,""symbol"":""ZEND_SR""}]",The cited VM handler and operand declaration provide the exception paths used for this conservative annotation; JIT status uses only cited compiler cases. Dispatched helper definitions (zend_shift_right_helper) are cited and included in the conservative effect union.
8,ZEND_CONCAT,"{""dispatches"":[],""extended"":[],""handler_style"":""ZEND_VM_HANDLER"",""op1"":[""CONST"",""TMP"",""CV""],""op2"":[""CONST"",""TMP"",""CV""],""spec"":[""NO_CONST_CONST""],""variants"":[]}",temporary,conditional,conditional,never,conditional,The cited handler has no reference-specific path; ordinary zval operands may still be dereferenced only according to their declared handler forms.,never,never,both,scalar.binary,not_started,not_started,"[""destructor"",""exception""]","[""allocate"",""bailout"",""call_internal"",""read_memory"",""reenter_php"",""run_destructor"",""throw"",""write_memory""]","[""engine.exception"",""frame.call_chain"",""frame.locals"",""frame.temps"",""heap.string"",""heap.zval""]","[""engine.exception"",""frame.call_chain"",""frame.temps"",""gc.metadata"",""heap.zval""]","[""conditional_destroy"",""produce_owned""]","[""bailout"",""destructor"",""exception"",""reentrancy"",""safepoint""]","[""contract.opcode_matrix"",""opcode.ZEND_CONCAT""]","[{""end_line"":449,""path"":""Zend/zend_vm_def.h"",""start_line"":373,""symbol"":""ZEND_CONCAT""},{""end_line"":1781,""path"":""ext/opcache/jit/zend_jit.c"",""start_line"":1781,""symbol"":""ZEND_CONCAT""},{""end_line"":4675,""path"":""ext/opcache/jit/zend_jit_trace.c"",""start_line"":4675,""symbol"":""ZEND_CONCAT""}]","The cited VM handler and operand declaration provide the exception, bailout, destructor, allocation paths used for this conservative annotation; JIT status uses only cited compiler cases."
9,ZEND_BW_OR,"{""dispatches"":[{""kind"":""helper"",""source_line"":838,""target"":""zend_bw_or_helper"",""target_end_line"":822,""target_start_line"":802}],""extended"":[],""handler_style"":""ZEND_VM_HOT_NOCONSTCONST_HANDLER"",""op1"":[""CONST"",""TMPVARCV""],""op2"":[""CONST"",""TMPVARCV""],""spec"":[""COMMUTATIVE""],""variants"":[]}",temporary,conditional,never,never,conditional,The cited handler has no reference-specific path; ordinary zval operands may still be dereferenced only according to their declared handler forms.,never,never,both,scalar.binary,not_started,not_started,"[""destructor"",""exception""]","[""call_internal"",""read_memory"",""run_destructor"",""throw"",""write_memory""]","[""engine.exception"",""frame.locals"",""frame.temps"",""heap.zval""]","[""engine.exception"",""frame.temps"",""gc.metadata"",""heap.zval""]","[""conditional_destroy"",""produce_owned""]","[""destructor"",""exception""]","[""contract.opcode_matrix"",""opcode.ZEND_BW_OR""]","[{""end_line"":822,""path"":""Zend/zend_vm_def.h"",""start_line"":802,""symbol"":""zend_bw_or_helper""},{""end_line"":840,""path"":""Zend/zend_vm_def.h"",""start_line"":823,""symbol"":""ZEND_BW_OR""},{""end_line"":1668,""path"":""ext/opcache/jit/zend_jit.c"",""start_line"":1668,""symbol"":""ZEND_BW_OR""},{""end_line"":4523,""path"":""ext/opcache/jit/zend_jit_trace.c"",""start_line"":4523,""symbol"":""ZEND_BW_OR""}]",The cited VM handler and operand declaration provide the exception paths used for this conservative annotation; JIT status uses only cited compiler cases. Dispatched helper definitions (zend_bw_or_helper) are cited and included in the conservative effect union.
10,ZEND_BW_AND,"{""dispatches"":[{""kind"":""helper"",""source_line"":877,""target"":""zend_bw_and_helper"",""target_end_line"":861,""target_start_line"":841}],""extended"":[],""handler_style"":""ZEND_VM_HOT_NOCONSTCONST_HANDLER"",""op1"":[""CONST"",""TMPVARCV""],""op2"":[""CONST"",""TMPVARCV""],""spec"":[""COMMUTATIVE""],""variants"":[]}",temporary,conditional,never,never,conditional,The cited handler has no reference-specific path; ordinary zval operands may still be dereferenced only according to their declared handler forms.,never,never,both,scalar.binary,not_started,not_started,"[""destructor"",""exception""]","[""call_internal"",""read_memory"",""run_destructor"",""throw"",""write_memory""]","[""engine.exception"",""frame.locals"",""frame.temps"",""heap.zval""]","[""engine.exception"",""frame.temps"",""gc.metadata"",""heap.zval""]","[""conditional_destroy"",""produce_owned""]","[""destructor"",""exception""]","[""contract.opcode_matrix"",""opcode.ZEND_BW_AND""]","[{""end_line"":861,""path"":""Zend/zend_vm_def.h"",""start_line"":841,""symbol"":""zend_bw_and_helper""},{""end_line"":879,""path"":""Zend/zend_vm_def.h"",""start_line"":862,""symbol"":""ZEND_BW_AND""},{""end_line"":1669,""path"":""ext/opcache/jit/zend_jit.c"",""start_line"":1669,""symbol"":""ZEND_BW_AND""},{""end_line"":4524,""path"":""ext/opcache/jit/zend_jit_trace.c"",""start_line"":4524,""symbol"":""ZEND_BW_AND""}]",The cited VM handler and operand declaration provide the exception paths used for this conservative annotation; JIT status uses only cited compiler cases. Dispatched helper definitions (zend_bw_and_helper) are cited and included in the conservative effect union.
11,ZEND_BW_XOR,"{""dispatches"":[{""kind"":""helper"",""source_line"":916,""target"":""zend_bw_xor_helper"",""target_end_line"":900,""target_start_line"":880}],""extended"":[],""handler_style"":""ZEND_VM_HOT_NOCONSTCONST_HANDLER"",""op1"":[""CONST"",""TMPVARCV""],""op2"":[""CONST"",""TMPVARCV""],""spec"":[""COMMUTATIVE""],""variants"":[]}",temporary,conditional,never,never,conditional,The cited handler has no reference-specific path; ordinary zval operands may still be dereferenced only according to their declared handler forms.,never,never,both,scalar.binary,not_started,not_started,"[""destructor"",""exception""]","[""call_internal"",""read_memory"",""run_destructor"",""throw"",""write_memory""]","[""engine.exception"",""frame.locals"",""frame.temps"",""heap.zval""]","[""engine.exception"",""frame.temps"",""gc.metadata"",""heap.zval""]","[""conditional_destroy"",""produce_owned""]","[""destructor"",""exception""]","[""contract.opcode_matrix"",""opcode.ZEND_BW_XOR""]","[{""end_line"":900,""path"":""Zend/zend_vm_def.h"",""start_line"":880,""symbol"":""zend_bw_xor_helper""},{""end_line"":918,""path"":""Zend/zend_vm_def.h"",""start_line"":901,""symbol"":""ZEND_BW_XOR""},{""end_line"":1670,""path"":""ext/opcache/jit/zend_jit.c"",""start_line"":1670,""symbol"":""ZEND_BW_XOR""},{""end_line"":4525,""path"":""ext/opcache/jit/zend_jit_trace.c"",""start_line"":4525,""symbol"":""ZEND_BW_XOR""}]",The cited VM handler and operand declaration provide the exception paths used for this conservative annotation; JIT status uses only cited compiler cases. Dispatched helper definitions (zend_bw_xor_helper) are cited and included in the conservative effect union.
12,ZEND_POW,"{""dispatches"":[],""extended"":[],""handler_style"":""ZEND_VM_COLD_CONSTCONST_HANDLER"",""op1"":[""CONST"",""TMP"",""CV""],""op2"":[""CONST"",""TMP"",""CV""],""spec"":[],""variants"":[]}",temporary,conditional,conditional,never,conditional,The cited handler has no reference-specific path; ordinary zval operands may still be dereferenced only according to their declared handler forms.,never,never,partial,scalar.binary,not_started,not_started,"[""destructor"",""exception""]","[""bailout"",""read_memory"",""reenter_php"",""run_destructor"",""throw"",""write_memory""]","[""engine.exception"",""frame.call_chain"",""frame.locals"",""frame.temps"",""heap.zval""]","[""engine.exception"",""frame.call_chain"",""frame.temps"",""heap.zval""]","[""conditional_destroy"",""produce_owned""]","[""bailout"",""destructor"",""exception"",""reentrancy"",""safepoint""]","[""contract.opcode_matrix"",""opcode.ZEND_POW""]","[{""end_line"":372,""path"":""Zend/zend_vm_def.h"",""start_line"":359,""symbol"":""ZEND_POW""},{""end_line"":1402,""path"":""ext/opcache/jit/zend_jit.c"",""start_line"":1402,""symbol"":""ZEND_POW""}]","The cited VM handler and operand declaration provide the exception, bailout, destructor paths used for this conservative annotation; JIT status uses only cited compiler cases."
13,ZEND_BW_NOT,"{""dispatches"":[{""kind"":""helper"",""source_line"":957,""target"":""zend_bw_not_helper"",""target_end_line"":945,""target_start_line"":933}],""extended"":[],""handler_style"":""ZEND_VM_HOT_NOCONST_HANDLER"",""op1"":[""CONST"",""TMPVARCV""],""op2"":[""ANY""],""spec"":[],""variants"":[]}",temporary,conditional,never,never,conditional,The cited handler has no reference-specific path; ordinary zval operands may still be dereferenced only according to their declared handler forms.,never,never,none,scalar.binary,not_started,not_started,"[""destructor"",""exception""]","[""call_internal"",""read_memory"",""run_destructor"",""throw"",""write_memory""]","[""engine.exception"",""frame.locals"",""frame.temps"",""heap.zval""]","[""engine.exception"",""frame.temps"",""gc.metadata"",""heap.zval""]","[""conditional_destroy"",""produce_owned""]","[""destructor"",""exception""]","[""contract.opcode_matrix"",""opcode.ZEND_BW_NOT""]","[{""end_line"":945,""path"":""Zend/zend_vm_def.h"",""start_line"":933,""symbol"":""zend_bw_not_helper""},{""end_line"":959,""path"":""Zend/zend_vm_def.h"",""start_line"":946,""symbol"":""ZEND_BW_NOT""}]",The cited VM handler and operand declaration provide the exception paths used for this conservative annotation; JIT status uses only cited compiler cases. Dispatched helper definitions (zend_bw_not_helper) are cited and included in the conservative effect union.
14,ZEND_BOOL_NOT,"{""dispatches"":[],""extended"":[],""handler_style"":""ZEND_VM_COLD_CONST_HANDLER"",""op1"":[""CONST"",""TMP"",""CV""],""op2"":[""ANY""],""spec"":[],""variants"":[]}",temporary,conditional,conditional,never,conditional,The cited handler has no reference-specific path; ordinary zval operands may still be dereferenced only according to their declared handler forms.,never,never,both,scalar.compare,not_started,not_started,"[""destructor"",""exception""]","[""bailout"",""read_memory"",""reenter_php"",""run_destructor"",""throw"",""write_memory""]","[""engine.exception"",""frame.call_chain"",""frame.locals"",""frame.temps"",""heap.zval""]","[""engine.exception"",""frame.call_chain"",""frame.temps"",""heap.zval""]","[""conditional_destroy"",""produce_owned""]","[""bailout"",""destructor"",""exception"",""reentrancy"",""safepoint""]","[""contract.opcode_matrix"",""opcode.ZEND_BOOL_NOT""]","[{""end_line"":985,""path"":""Zend/zend_vm_def.h"",""start_line"":960,""symbol"":""ZEND_BOOL_NOT""},{""end_line"":2303,""path"":""ext/opcache/jit/zend_jit.c"",""start_line"":2303,""symbol"":""ZEND_BOOL_NOT""},{""end_line"":5668,""path"":""ext/opcache/jit/zend_jit_trace.c"",""start_line"":5668,""symbol"":""ZEND_BOOL_NOT""}]","The cited VM handler and operand declaration provide the exception, bailout, destructor paths used for this conservative annotation; JIT status uses only cited compiler cases."
15,ZEND_BOOL_XOR,"{""dispatches"":[],""extended"":[],""handler_style"":""ZEND_VM_COLD_CONSTCONST_HANDLER"",""op1"":[""CONST"",""TMP"",""CV""],""op2"":[""CONST"",""TMP"",""CV""],""spec"":[""COMMUTATIVE""],""variants"":[]}",temporary,conditional,conditional,never,conditional,The cited handler has no reference-specific path; ordinary zval operands may still be dereferenced only according to their declared handler forms.,never,never,none,scalar.compare,not_started,not_started,"[""destructor"",""exception""]","[""bailout"",""read_memory"",""reenter_php"",""run_destructor"",""throw"",""write_memory""]","[""engine.exception"",""frame.call_chain"",""frame.locals"",""frame.temps"",""heap.zval""]","[""engine.exception"",""frame.call_chain"",""frame.temps"",""heap.zval""]","[""conditional_destroy"",""produce_owned""]","[""bailout"",""destructor"",""exception"",""reentrancy"",""safepoint""]","[""contract.opcode_matrix"",""opcode.ZEND_BOOL_XOR""]","[{""end_line"":932,""path"":""Zend/zend_vm_def.h"",""start_line"":919,""symbol"":""ZEND_BOOL_XOR""}]","The cited VM handler and operand declaration provide the exception, bailout, destructor paths used for this conservative annotation; JIT status uses only cited compiler cases."
16,ZEND_IS_IDENTICAL,"{""dispatches"":[],""extended"":[],""handler_style"":""ZEND_VM_COLD_CONSTCONST_HANDLER"",""op1"":[""CONST"",""TMP"",""CV""],""op2"":[""CONST"",""TMP"",""CV""],""spec"":[""COMMUTATIVE""],""variants"":[{""condition"":""(op1_info == MAY_BE_LONG && op2_info == MAY_BE_LONG)"",""extended"":[],""handler_style"":""ZEND_VM_HOT_TYPE_SPEC_HANDLER"",""name"":""ZEND_IS_EQUAL_LONG"",""op1"":[""CONST"",""TMPVARCV""],""op2"":[""CONST"",""TMPVARCV""],""source_line"":10246,""spec"":[""SMART_BRANCH"",""NO_CONST_CONST"",""COMMUTATIVE""]},{""condition"":""(op1_info == MAY_BE_DOUBLE && op2_info == MAY_BE_DOUBLE)"",""extended"":[],""handler_style"":""ZEND_VM_HOT_TYPE_SPEC_HANDLER"",""name"":""ZEND_IS_EQUAL_DOUBLE"",""op1"":[""CONST"",""TMPVARCV""],""op2"":[""CONST"",""TMPVARCV""],""source_line"":10258,""spec"":[""SMART_BRANCH"",""NO_CONST_CONST"",""COMMUTATIVE""]},{""condition"":""op->op2_type == IS_CONST && (Z_TYPE_P(RT_CONSTANT(op, op->op2)) == IS_ARRAY && zend_hash_num_elements(Z_ARR_P(RT_CONSTANT(op, op->op2))) == 0)"",""extended"":[],""handler_style"":""ZEND_VM_TYPE_SPEC_HANDLER"",""name"":""ZEND_IS_IDENTICAL_EMPTY_ARRAY"",""op1"":[""TMPVARCV""],""op2"":[""CONST""],""source_line"":10294,""spec"":[""SMART_BRANCH"",""NO_CONST_CONST"",""COMMUTATIVE""]},{""condition"":""op->op1_type == IS_CV && (op->op2_type & (IS_CONST|IS_CV)) && !(op1_info & (MAY_BE_UNDEF|MAY_BE_REF)) && !(op2_info & (MAY_BE_UNDEF|MAY_BE_REF))"",""extended"":[],""handler_style"":""ZEND_VM_TYPE_SPEC_HANDLER"",""name"":""ZEND_IS_IDENTICAL_NOTHROW"",""op1"":[""CV""],""op2"":[""CONST"",""CV""],""source_line"":10320,""spec"":[""COMMUTATIVE""]}]}",temporary,conditional,conditional,never,conditional,"The cited handler contains an explicit reference, indirect, dereference, or separation path; preserve alias identity and the listed ownership actions.",never,never,both,scalar.compare,not_started,not_started,"[""destructor"",""exception"",""reference""]","[""bailout"",""read_memory"",""reenter_php"",""run_destructor"",""throw"",""write_memory""]","[""engine.exception"",""frame.call_chain"",""frame.locals"",""frame.temps"",""heap.reference"",""heap.zval""]","[""engine.exception"",""frame.call_chain"",""frame.temps"",""heap.reference"",""heap.zval""]","[""canonicalize"",""conditional_destroy"",""produce_owned""]","[""bailout"",""destructor"",""exception"",""reentrancy"",""safepoint""]","[""contract.opcode_matrix"",""opcode.ZEND_IS_IDENTICAL""]","[{""end_line"":464,""path"":""Zend/zend_vm_def.h"",""start_line"":450,""symbol"":""ZEND_IS_IDENTICAL""},{""end_line"":2207,""path"":""ext/opcache/jit/zend_jit.c"",""start_line"":2207,""symbol"":""ZEND_IS_IDENTICAL""},{""end_line"":5490,""path"":""ext/opcache/jit/zend_jit_trace.c"",""start_line"":5490,""symbol"":""ZEND_IS_IDENTICAL""}]","The cited VM handler and operand declaration provide the exception, bailout, destructor, reference/indirect paths used for this conservative annotation; JIT status uses only cited compiler cases."
17,ZEND_IS_NOT_IDENTICAL,"{""dispatches"":[],""extended"":[],""handler_style"":""ZEND_VM_COLD_CONSTCONST_HANDLER"",""op1"":[""CONST"",""TMP"",""CV""],""op2"":[""CONST"",""TMP"",""CV""],""spec"":[""COMMUTATIVE""],""variants"":[{""condition"":""(op1_info == MAY_BE_LONG && op2_info == MAY_BE_LONG)"",""extended"":[],""handler_style"":""ZEND_VM_HOT_TYPE_SPEC_HANDLER"",""name"":""ZEND_IS_NOT_EQUAL_LONG"",""op1"":[""CONST"",""TMPVARCV""],""op2"":[""CONST"",""TMPVARCV""],""source_line"":10270,""spec"":[""SMART_BRANCH"",""NO_CONST_CONST"",""COMMUTATIVE""]},{""condition"":""(op1_info == MAY_BE_DOUBLE && op2_info == MAY_BE_DOUBLE)"",""extended"":[],""handler_style"":""ZEND_VM_HOT_TYPE_SPEC_HANDLER"",""name"":""ZEND_IS_NOT_EQUAL_DOUBLE"",""op1"":[""CONST"",""TMPVARCV""],""op2"":[""CONST"",""TMPVARCV""],""source_line"":10282,""spec"":[""SMART_BRANCH"",""NO_CONST_CONST"",""COMMUTATIVE""]},{""condition"":""op->op2_type == IS_CONST && (Z_TYPE_P(RT_CONSTANT(op, op->op2)) == IS_ARRAY && zend_hash_num_elements(Z_ARR_P(RT_CONSTANT(op, op->op2))) == 0)"",""extended"":[],""handler_style"":""ZEND_VM_TYPE_SPEC_HANDLER"",""name"":""ZEND_IS_NOT_IDENTICAL_EMPTY_ARRAY"",""op1"":[""TMPVARCV""],""op2"":[""CONST""],""source_line"":10307,""spec"":[""SMART_BRANCH"",""NO_CONST_CONST"",""COMMUTATIVE""]},{""condition"":""op->op1_type == IS_CV && (op->op2_type & (IS_CONST|IS_CV)) && !(op1_info & (MAY_BE_UNDEF|MAY_BE_REF)) && !(op2_info & (MAY_BE_UNDEF|MAY_BE_REF))"",""extended"":[],""handler_style"":""ZEND_VM_TYPE_SPEC_HANDLER"",""name"":""ZEND_IS_NOT_IDENTICAL_NOTHROW"",""op1"":[""CV""],""op2"":[""CONST"",""CV""],""source_line"":10336,""spec"":[""COMMUTATIVE""]}]}",temporary,conditional,conditional,never,conditional,"The cited handler contains an explicit reference, indirect, dereference, or separation path; preserve alias identity and the listed ownership actions.",never,never,both,scalar.compare,not_started,not_started,"[""destructor"",""exception"",""reference""]","[""bailout"",""read_memory"",""reenter_php"",""run_destructor"",""throw"",""write_memory""]","[""engine.exception"",""frame.call_chain"",""frame.locals"",""frame.temps"",""heap.reference"",""heap.zval""]","[""engine.exception"",""frame.call_chain"",""frame.temps"",""heap.reference"",""heap.zval""]","[""canonicalize"",""conditional_destroy"",""produce_owned""]","[""bailout"",""destructor"",""exception"",""reentrancy"",""safepoint""]","[""contract.opcode_matrix"",""opcode.ZEND_IS_NOT_IDENTICAL""]","[{""end_line"":493,""path"":""Zend/zend_vm_def.h"",""start_line"":479,""symbol"":""ZEND_IS_NOT_IDENTICAL""},{""end_line"":2208,""path"":""ext/opcache/jit/zend_jit.c"",""start_line"":2208,""symbol"":""ZEND_IS_NOT_IDENTICAL""},{""end_line"":5491,""path"":""ext/opcache/jit/zend_jit_trace.c"",""start_line"":5491,""symbol"":""ZEND_IS_NOT_IDENTICAL""}]","The cited VM handler and operand declaration provide the exception, bailout, destructor, reference/indirect paths used for this conservative annotation; JIT status uses only cited compiler cases."
18,ZEND_IS_EQUAL,"{""dispatches"":[{""kind"":""helper"",""source_line"":571,""target"":""zend_is_equal_helper"",""target_end_line"":515,""target_start_line"":494}],""extended"":[],""handler_style"":""ZEND_VM_COLD_CONSTCONST_HANDLER"",""op1"":[""CONST"",""TMP"",""CV""],""op2"":[""CONST"",""TMP"",""CV""],""spec"":[""SMART_BRANCH"",""COMMUTATIVE""],""variants"":[{""condition"":""(op1_info == MAY_BE_LONG && op2_info == MAY_BE_LONG)"",""extended"":[],""handler_style"":""ZEND_VM_HOT_TYPE_SPEC_HANDLER"",""name"":""ZEND_IS_EQUAL_LONG"",""op1"":[""CONST"",""TMPVARCV""],""op2"":[""CONST"",""TMPVARCV""],""source_line"":10246,""spec"":[""SMART_BRANCH"",""NO_CONST_CONST"",""COMMUTATIVE""]},{""condition"":""(op1_info == MAY_BE_DOUBLE && op2_info == MAY_BE_DOUBLE)"",""extended"":[],""handler_style"":""ZEND_VM_HOT_TYPE_SPEC_HANDLER"",""name"":""ZEND_IS_EQUAL_DOUBLE"",""op1"":[""CONST"",""TMPVARCV""],""op2"":[""CONST"",""TMPVARCV""],""source_line"":10258,""spec"":[""SMART_BRANCH"",""NO_CONST_CONST"",""COMMUTATIVE""]}]}",temporary,conditional,conditional,never,conditional,The cited handler has no reference-specific path; ordinary zval operands may still be dereferenced only according to their declared handler forms.,never,never,both,scalar.compare,not_started,not_started,"[""destructor"",""exception""]","[""bailout"",""call_internal"",""read_memory"",""reenter_php"",""run_destructor"",""throw"",""write_memory""]","[""engine.exception"",""frame.call_chain"",""frame.locals"",""frame.temps"",""heap.string"",""heap.zval""]","[""engine.exception"",""frame.call_chain"",""frame.temps"",""gc.metadata"",""heap.zval""]","[""conditional_destroy"",""produce_owned""]","[""bailout"",""destructor"",""exception"",""reentrancy"",""safepoint""]","[""contract.opcode_matrix"",""opcode.ZEND_IS_EQUAL""]","[{""end_line"":515,""path"":""Zend/zend_vm_def.h"",""start_line"":494,""symbol"":""zend_is_equal_helper""},{""end_line"":573,""path"":""Zend/zend_vm_def.h"",""start_line"":516,""symbol"":""ZEND_IS_EQUAL""},{""end_line"":2169,""path"":""ext/opcache/jit/zend_jit.c"",""start_line"":2169,""symbol"":""ZEND_IS_EQUAL""},{""end_line"":5440,""path"":""ext/opcache/jit/zend_jit_trace.c"",""start_line"":5440,""symbol"":""ZEND_IS_EQUAL""}]","The cited VM handler and operand declaration provide the exception, bailout, destructor paths used for this conservative annotation; JIT status uses only cited compiler cases. Dispatched helper definitions (zend_is_equal_helper) are cited and included in the conservative effect union."
19,ZEND_IS_NOT_EQUAL,"{""dispatches"":[{""kind"":""helper"",""source_line"":651,""target"":""zend_is_not_equal_helper"",""target_end_line"":595,""target_start_line"":574}],""extended"":[],""handler_style"":""ZEND_VM_COLD_CONSTCONST_HANDLER"",""op1"":[""CONST"",""TMP"",""CV""],""op2"":[""CONST"",""TMP"",""CV""],""spec"":[""SMART_BRANCH"",""COMMUTATIVE""],""variants"":[{""condition"":""(op1_info == MAY_BE_LONG && op2_info == MAY_BE_LONG)"",""extended"":[],""handler_style"":""ZEND_VM_HOT_TYPE_SPEC_HANDLER"",""name"":""ZEND_IS_NOT_EQUAL_LONG"",""op1"":[""CONST"",""TMPVARCV""],""op2"":[""CONST"",""TMPVARCV""],""source_line"":10270,""spec"":[""SMART_BRANCH"",""NO_CONST_CONST"",""COMMUTATIVE""]},{""condition"":""(op1_info == MAY_BE_DOUBLE && op2_info == MAY_BE_DOUBLE)"",""extended"":[],""handler_style"":""ZEND_VM_HOT_TYPE_SPEC_HANDLER"",""name"":""ZEND_IS_NOT_EQUAL_DOUBLE"",""op1"":[""CONST"",""TMPVARCV""],""op2"":[""CONST"",""TMPVARCV""],""source_line"":10282,""spec"":[""SMART_BRANCH"",""NO_CONST_CONST"",""COMMUTATIVE""]}]}",temporary,conditional,conditional,never,conditional,The cited handler has no reference-specific path; ordinary zval operands may still be dereferenced only according to their declared handler forms.,never,never,both,scalar.compare,not_started,not_started,"[""destructor"",""exception""]","[""bailout"",""call_internal"",""read_memory"",""reenter_php"",""run_destructor"",""throw"",""write_memory""]","[""engine.exception"",""frame.call_chain"",""frame.locals"",""frame.temps"",""heap.string"",""heap.zval""]","[""engine.exception"",""frame.call_chain"",""frame.temps"",""gc.metadata"",""heap.zval""]","[""conditional_destroy"",""produce_owned""]","[""bailout"",""destructor"",""exception"",""reentrancy"",""safepoint""]","[""contract.opcode_matrix"",""opcode.ZEND_IS_NOT_EQUAL""]","[{""end_line"":595,""path"":""Zend/zend_vm_def.h"",""start_line"":574,""symbol"":""zend_is_not_equal_helper""},{""end_line"":653,""path"":""Zend/zend_vm_def.h"",""start_line"":596,""symbol"":""ZEND_IS_NOT_EQUAL""},{""end_line"":2170,""path"":""ext/opcache/jit/zend_jit.c"",""start_line"":2170,""symbol"":""ZEND_IS_NOT_EQUAL""},{""end_line"":5441,""path"":""ext/opcache/jit/zend_jit_trace.c"",""start_line"":5441,""symbol"":""ZEND_IS_NOT_EQUAL""}]","The cited VM handler and operand declaration provide the exception, bailout, destructor paths used for this conservative annotation; JIT status uses only cited compiler cases. Dispatched helper definitions (zend_is_not_equal_helper) are cited and included in the conservative effect union."
20,ZEND_IS_SMALLER,"{""dispatches"":[{""kind"":""helper"",""source_line"":716,""target"":""zend_is_smaller_helper"",""target_end_line"":675,""target_start_line"":654}],""extended"":[],""handler_style"":""ZEND_VM_HOT_NOCONSTCONST_HANDLER"",""op1"":[""CONST"",""TMPVARCV""],""op2"":[""CONST"",""TMPVARCV""],""spec"":[""SMART_BRANCH""],""variants"":[{""condition"":""(op1_info == MAY_BE_LONG && op2_info == MAY_BE_LONG)"",""extended"":[],""handler_style"":""ZEND_VM_HOT_TYPE_SPEC_HANDLER"",""name"":""ZEND_IS_SMALLER_LONG"",""op1"":[""CONST"",""TMPVARCV""],""op2"":[""CONST"",""TMPVARCV""],""source_line"":10349,""spec"":[""SMART_BRANCH"",""NO_CONST_CONST""]},{""condition"":""(op1_info == MAY_BE_DOUBLE && op2_info == MAY_BE_DOUBLE)"",""extended"":[],""handler_style"":""ZEND_VM_HOT_TYPE_SPEC_HANDLER"",""name"":""ZEND_IS_SMALLER_DOUBLE"",""op1"":[""CONST"",""TMPVARCV""],""op2"":[""CONST"",""TMPVARCV""],""source_line"":10361,""spec"":[""SMART_BRANCH"",""NO_CONST_CONST""]}]}",temporary,conditional,never,never,conditional,The cited handler has no reference-specific path; ordinary zval operands may still be dereferenced only according to their declared handler forms.,never,never,both,scalar.compare,not_started,not_started,"[""destructor"",""exception""]","[""call_internal"",""read_memory"",""run_destructor"",""throw"",""write_memory""]","[""engine.exception"",""frame.locals"",""frame.temps"",""heap.zval""]","[""engine.exception"",""frame.temps"",""gc.metadata"",""heap.zval""]","[""conditional_destroy"",""produce_owned""]","[""destructor"",""exception""]","[""contract.opcode_matrix"",""opcode.ZEND_IS_SMALLER""]","[{""end_line"":675,""path"":""Zend/zend_vm_def.h"",""start_line"":654,""symbol"":""zend_is_smaller_helper""},{""end_line"":718,""path"":""Zend/zend_vm_def.h"",""start_line"":676,""symbol"":""ZEND_IS_SMALLER""},{""end_line"":2171,""path"":""ext/opcache/jit/zend_jit.c"",""start_line"":2171,""symbol"":""ZEND_IS_SMALLER""},{""end_line"":5442,""path"":""ext/opcache/jit/zend_jit_trace.c"",""start_line"":5442,""symbol"":""ZEND_IS_SMALLER""}]",The cited VM handler and operand declaration provide the exception paths used for this conservative annotation; JIT status uses only cited compiler cases. Dispatched helper definitions (zend_is_smaller_helper) are cited and included in the conservative effect union.
21,ZEND_IS_SMALLER_OR_EQUAL,"{""dispatches"":[{""kind"":""helper"",""source_line"":785,""target"":""zend_is_smaller_or_equal_helper"",""target_end_line"":740,""target_start_line"":719}],""extended"":[],""handler_style"":""ZEND_VM_HOT_NOCONSTCONST_HANDLER"",""op1"":[""CONST"",""TMPVARCV""],""op2"":[""CONST"",""TMPVARCV""],""spec"":[""SMART_BRANCH""],""variants"":[{""condition"":""(op1_info == MAY_BE_LONG && op2_info == MAY_BE_LONG)"",""extended"":[],""handler_style"":""ZEND_VM_HOT_TYPE_SPEC_HANDLER"",""name"":""ZEND_IS_SMALLER_OR_EQUAL_LONG"",""op1"":[""CONST"",""TMPVARCV""],""op2"":[""CONST"",""TMPVARCV""],""source_line"":10373,""spec"":[""SMART_BRANCH"",""NO_CONST_CONST""]},{""condition"":""(op1_info == MAY_BE_DOUBLE && op2_info == MAY_BE_DOUBLE)"",""extended"":[],""handler_style"":""ZEND_VM_HOT_TYPE_SPEC_HANDLER"",""name"":""ZEND_IS_SMALLER_OR_EQUAL_DOUBLE"",""op1"":[""CONST"",""TMPVARCV""],""op2"":[""CONST"",""TMPVARCV""],""source_line"":10385,""spec"":[""SMART_BRANCH"",""NO_CONST_CONST""]}]}",temporary,conditional,never,never,conditional,The cited handler has no reference-specific path; ordinary zval operands may still be dereferenced only according to their declared handler forms.,never,never,both,scalar.compare,not_started,not_started,"[""destructor"",""exception""]","[""call_internal"",""read_memory"",""run_destructor"",""throw"",""write_memory""]","[""engine.exception"",""frame.locals"",""frame.temps"",""heap.zval""]","[""engine.exception"",""frame.temps"",""gc.metadata"",""heap.zval""]","[""conditional_destroy"",""produce_owned""]","[""destructor"",""exception""]","[""contract.opcode_matrix"",""opcode.ZEND_IS_SMALLER_OR_EQUAL""]","[{""end_line"":740,""path"":""Zend/zend_vm_def.h"",""start_line"":719,""symbol"":""zend_is_smaller_or_equal_helper""},{""end_line"":787,""path"":""Zend/zend_vm_def.h"",""start_line"":741,""symbol"":""ZEND_IS_SMALLER_OR_EQUAL""},{""end_line"":2172,""path"":""ext/opcache/jit/zend_jit.c"",""start_line"":2172,""symbol"":""ZEND_IS_SMALLER_OR_EQUAL""},{""end_line"":5443,""path"":""ext/opcache/jit/zend_jit_trace.c"",""start_line"":5443,""symbol"":""ZEND_IS_SMALLER_OR_EQUAL""}]",The cited VM handler and operand declaration provide the exception paths used for this conservative annotation; JIT status uses only cited compiler cases. Dispatched helper definitions (zend_is_smaller_or_equal_helper) are cited and included in the conservative effect union.
22,ZEND_ASSIGN,"{""dispatches"":[],""extended"":[],""handler_style"":""ZEND_VM_HANDLER"",""op1"":[""VAR"",""CV""],""op2"":[""CONST"",""TMP"",""CV""],""spec"":[""RETVAL""],""variants"":[]}",in_place,conditional,conditional,never,conditional,The cited handler has no reference-specific path; ordinary zval operands may still be dereferenced only according to their declared handler forms.,never,never,both,runtime.misc,not_started,not_started,"[""destructor"",""exception""]","[""bailout"",""call_internal"",""read_memory"",""reenter_php"",""run_destructor"",""throw"",""write_memory""]","[""engine.exception"",""frame.call_chain"",""frame.locals"",""frame.temps"",""heap.zval""]","[""engine.exception"",""frame.call_chain"",""frame.locals"",""heap.zval""]","[""conditional_destroy"",""copy_addref"",""transfer""]","[""bailout"",""destructor"",""exception"",""reentrancy"",""safepoint""]","[""contract.opcode_matrix"",""opcode.ZEND_ASSIGN""]","[{""end_line"":2861,""path"":""Zend/zend_vm_def.h"",""start_line"":2833,""symbol"":""ZEND_ASSIGN""},{""end_line"":2023,""path"":""ext/opcache/jit/zend_jit.c"",""start_line"":2023,""symbol"":""ZEND_ASSIGN""},{""end_line"":5130,""path"":""ext/opcache/jit/zend_jit_trace.c"",""start_line"":5130,""symbol"":""ZEND_ASSIGN""}]","The cited VM handler and operand declaration provide the exception, bailout, destructor paths used for this conservative annotation; JIT status uses only cited compiler cases."
23,ZEND_ASSIGN_DIM,"{""dispatches"":[],""extended"":[],""handler_style"":""ZEND_VM_HANDLER"",""op1"":[""VAR"",""CV""],""op2"":[""CONST"",""TMP"",""UNUSED"",""NEXT"",""CV""],""spec"":[""OP_DATA=CONST|TMP|CV""],""variants"":[]}",in_place,conditional,conditional,never,conditional,"The cited handler contains an explicit reference, indirect, dereference, or separation path; preserve alias identity and the listed ownership actions.",never,never,both,runtime.array,not_started,not_started,"[""destructor"",""exception"",""reference""]","[""allocate"",""bailout"",""call_internal"",""read_memory"",""reenter_php"",""run_destructor"",""throw"",""write_memory""]","[""engine.exception"",""frame.call_chain"",""frame.locals"",""frame.temps"",""heap.array"",""heap.object"",""heap.reference"",""heap.string"",""heap.zval""]","[""engine.exception"",""frame.call_chain"",""frame.locals"",""gc.metadata"",""heap.reference"",""heap.zval""]","[""canonicalize"",""conditional_destroy"",""copy_addref"",""cow_separate"",""transfer""]","[""bailout"",""destructor"",""exception"",""reentrancy"",""safepoint""]","[""contract.opcode_matrix"",""opcode.ZEND_ASSIGN_DIM""]","[{""end_line"":2832,""path"":""Zend/zend_vm_def.h"",""start_line"":2680,""symbol"":""ZEND_ASSIGN_DIM""},{""end_line"":1860,""path"":""ext/opcache/jit/zend_jit.c"",""start_line"":1860,""symbol"":""ZEND_ASSIGN_DIM""},{""end_line"":5073,""path"":""ext/opcache/jit/zend_jit_trace.c"",""start_line"":5073,""symbol"":""ZEND_ASSIGN_DIM""}]","The cited VM handler and operand declaration provide the exception, bailout, destructor, allocation, reference/indirect paths used for this conservative annotation; JIT status uses only cited compiler cases."
24,ZEND_ASSIGN_OBJ,"{""dispatches"":[],""extended"":[""CACHE_SLOT""],""handler_style"":""ZEND_VM_HANDLER"",""op1"":[""VAR"",""UNUSED"",""THIS"",""CV""],""op2"":[""CONST"",""TMP"",""CV""],""spec"":[""OP_DATA=CONST|TMP|CV""],""variants"":[]}",in_place,conditional,conditional,conditional,conditional,"The cited handler contains an explicit reference, indirect, dereference, or separation path; preserve alias identity and the listed ownership actions.",never,never,both,runtime.reference,not_started,not_started,"[""destructor"",""exception"",""reference"",""zts""]","[""bailout"",""call_internal"",""call_php"",""read_memory"",""reenter_php"",""run_destructor"",""throw"",""write_memory""]","[""engine.exception"",""frame.call_chain"",""frame.locals"",""frame.temps"",""heap.array"",""heap.object"",""heap.reference"",""heap.string"",""heap.zval"",""runtime.cache""]","[""engine.exception"",""frame.call_chain"",""frame.locals"",""heap.reference"",""heap.zval""]","[""canonicalize"",""conditional_destroy"",""copy_addref"",""cow_separate"",""move"",""transfer""]","[""bailout"",""destructor"",""exception"",""reentrancy"",""safepoint""]","[""contract.opcode_matrix"",""opcode.ZEND_ASSIGN_OBJ""]","[{""end_line"":2642,""path"":""Zend/zend_vm_def.h"",""start_line"":2489,""symbol"":""ZEND_ASSIGN_OBJ""},{""end_line"":1977,""path"":""ext/opcache/jit/zend_jit.c"",""start_line"":1977,""symbol"":""ZEND_ASSIGN_OBJ""},{""end_line"":4983,""path"":""ext/opcache/jit/zend_jit_trace.c"",""start_line"":4983,""symbol"":""ZEND_ASSIGN_OBJ""}]","The cited VM handler and operand declaration provide the exception, bailout, PHP-call/reentrancy, destructor, reference/indirect, ZTS executor-global paths used for this conservative annotation; JIT status uses only cited compiler cases."
25,ZEND_ASSIGN_STATIC_PROP,"{""dispatches"":[],""extended"":[""CACHE_SLOT""],""handler_style"":""ZEND_VM_HANDLER"",""op1"":[""ANY""],""op2"":[""ANY""],""spec"":[""OP_DATA=CONST|TMP|CV""],""variants"":[]}",in_place,conditional,conditional,never,conditional,The cited handler has no reference-specific path; ordinary zval operands may still be dereferenced only according to their declared handler forms.,never,never,trace,runtime.object,not_started,not_started,"[""destructor"",""exception""]","[""bailout"",""call_internal"",""read_memory"",""reenter_php"",""run_destructor"",""throw"",""write_memory""]","[""engine.exception"",""frame.call_chain"",""heap.object"",""heap.zval"",""runtime.cache""]","[""engine.exception"",""frame.call_chain"",""heap.zval""]","[""conditional_destroy"",""copy_addref"",""transfer""]","[""bailout"",""destructor"",""exception"",""reentrancy"",""safepoint""]","[""contract.opcode_matrix"",""opcode.ZEND_ASSIGN_STATIC_PROP""]","[{""end_line"":2679,""path"":""Zend/zend_vm_def.h"",""start_line"":2643,""symbol"":""ZEND_ASSIGN_STATIC_PROP""},{""end_line"":6798,""path"":""ext/opcache/jit/zend_jit_trace.c"",""start_line"":6798,""symbol"":""ZEND_ASSIGN_STATIC_PROP""}]","The cited VM handler and operand declaration provide the exception, bailout, destructor paths used for this conservative annotation; JIT status uses only cited compiler cases."
26,ZEND_ASSIGN_OP,"{""dispatches"":[],""extended"":[""OP""],""handler_style"":""ZEND_VM_HANDLER"",""op1"":[""VAR"",""CV""],""op2"":[""CONST"",""TMP"",""CV""],""spec"":[],""variants"":[]}",in_place,conditional,conditional,never,conditional,"The cited handler contains an explicit reference, indirect, dereference, or separation path; preserve alias identity and the listed ownership actions.",never,never,both,runtime.reference,not_started,not_started,"[""destructor"",""exception"",""reference""]","[""bailout"",""call_internal"",""read_memory"",""reenter_php"",""run_destructor"",""throw"",""write_memory""]","[""engine.exception"",""frame.call_chain"",""frame.locals"",""frame.temps"",""heap.reference"",""heap.zval""]","[""engine.exception"",""frame.call_chain"",""frame.locals"",""heap.reference"",""heap.zval""]","[""canonicalize"",""conditional_destroy"",""copy_addref"",""transfer""]","[""bailout"",""destructor"",""exception"",""reentrancy"",""safepoint""]","[""contract.opcode_matrix"",""opcode.ZEND_ASSIGN_OP""]","[{""end_line"":1286,""path"":""Zend/zend_vm_def.h"",""start_line"":1256,""symbol"":""ZEND_ASSIGN_OP""},{""end_line"":1810,""path"":""ext/opcache/jit/zend_jit.c"",""start_line"":1810,""symbol"":""ZEND_ASSIGN_OP""},{""end_line"":4702,""path"":""ext/opcache/jit/zend_jit_trace.c"",""start_line"":4702,""symbol"":""ZEND_ASSIGN_OP""}]","The cited VM handler and operand declaration provide the exception, bailout, destructor, reference/indirect paths used for this conservative annotation; JIT status uses only cited compiler cases."
27,ZEND_ASSIGN_DIM_OP,"{""dispatches"":[],""extended"":[""OP""],""handler_style"":""ZEND_VM_HANDLER"",""op1"":[""VAR"",""CV""],""op2"":[""CONST"",""TMP"",""UNUSED"",""NEXT"",""CV""],""spec"":[],""variants"":[]}",in_place,conditional,conditional,never,conditional,"The cited handler contains an explicit reference, indirect, dereference, or separation path; preserve alias identity and the listed ownership actions.",never,never,both,runtime.reference,not_started,not_started,"[""destructor"",""exception"",""reference"",""zts""]","[""allocate"",""bailout"",""call_internal"",""read_memory"",""reenter_php"",""run_destructor"",""throw"",""write_memory""]","[""engine.exception"",""frame.call_chain"",""frame.locals"",""frame.temps"",""heap.array"",""heap.object"",""heap.reference"",""heap.zval""]","[""engine.exception"",""frame.call_chain"",""frame.locals"",""gc.metadata"",""heap.reference"",""heap.zval""]","[""canonicalize"",""conditional_destroy"",""copy_addref"",""cow_separate"",""transfer""]","[""bailout"",""destructor"",""exception"",""reentrancy"",""safepoint""]","[""contract.opcode_matrix"",""opcode.ZEND_ASSIGN_DIM_OP""]","[{""end_line"":1255,""path"":""Zend/zend_vm_def.h"",""start_line"":1155,""symbol"":""ZEND_ASSIGN_DIM_OP""},{""end_line"":1840,""path"":""ext/opcache/jit/zend_jit.c"",""start_line"":1840,""symbol"":""ZEND_ASSIGN_DIM_OP""},{""end_line"":4745,""path"":""ext/opcache/jit/zend_jit_trace.c"",""start_line"":4745,""symbol"":""ZEND_ASSIGN_DIM_OP""}]","The cited VM handler and operand declaration provide the exception, bailout, destructor, allocation, reference/indirect, ZTS executor-global paths used for this conservative annotation; JIT status uses only cited compiler cases."
28,ZEND_ASSIGN_OBJ_OP,"{""dispatches"":[],""extended"":[""OP""],""handler_style"":""ZEND_VM_HANDLER"",""op1"":[""VAR"",""UNUSED"",""THIS"",""CV""],""op2"":[""CONST"",""TMP"",""CV""],""spec"":[],""variants"":[]}",in_place,conditional,conditional,never,conditional,"The cited handler contains an explicit reference, indirect, dereference, or separation path; preserve alias identity and the listed ownership actions.",never,never,both,runtime.reference,not_started,not_started,"[""destructor"",""exception"",""reference""]","[""bailout"",""call_internal"",""read_memory"",""reenter_php"",""run_destructor"",""throw"",""write_memory""]","[""engine.exception"",""frame.call_chain"",""frame.locals"",""frame.temps"",""heap.object"",""heap.reference"",""heap.string"",""heap.zval"",""runtime.cache""]","[""engine.exception"",""frame.call_chain"",""frame.locals"",""heap.reference"",""heap.zval""]","[""canonicalize"",""conditional_destroy"",""copy_addref"",""transfer""]","[""bailout"",""destructor"",""exception"",""reentrancy"",""safepoint""]","[""contract.opcode_matrix"",""opcode.ZEND_ASSIGN_OBJ_OP""]","[{""end_line"":1099,""path"":""Zend/zend_vm_def.h"",""start_line"":1007,""symbol"":""ZEND_ASSIGN_OBJ_OP""},{""end_line"":1926,""path"":""ext/opcache/jit/zend_jit.c"",""start_line"":1926,""symbol"":""ZEND_ASSIGN_OBJ_OP""},{""end_line"":4887,""path"":""ext/opcache/jit/zend_jit_trace.c"",""start_line"":4887,""symbol"":""ZEND_ASSIGN_OBJ_OP""}]","The cited VM handler and operand declaration provide the exception, bailout, destructor, reference/indirect paths used for this conservative annotation; JIT status uses only cited compiler cases."
29,ZEND_ASSIGN_STATIC_PROP_OP,"{""dispatches"":[],""extended"":[""OP""],""handler_style"":""ZEND_VM_HANDLER"",""op1"":[""ANY""],""op2"":[""ANY""],""spec"":[],""variants"":[]}",in_place,conditional,conditional,never,conditional,"The cited handler contains an explicit reference, indirect, dereference, or separation path; preserve alias identity and the listed ownership actions.",never,never,trace,runtime.reference,not_started,not_started,"[""destructor"",""exception"",""reference""]","[""bailout"",""call_internal"",""read_memory"",""reenter_php"",""run_destructor"",""throw"",""write_memory""]","[""engine.exception"",""frame.call_chain"",""heap.object"",""heap.reference"",""heap.zval""]","[""engine.exception"",""frame.call_chain"",""heap.reference"",""heap.zval""]","[""canonicalize"",""conditional_destroy"",""copy_addref"",""transfer""]","[""bailout"",""destructor"",""exception"",""reentrancy"",""safepoint""]","[""contract.opcode_matrix"",""opcode.ZEND_ASSIGN_STATIC_PROP_OP""]","[{""end_line"":1154,""path"":""Zend/zend_vm_def.h"",""start_line"":1100,""symbol"":""ZEND_ASSIGN_STATIC_PROP_OP""},{""end_line"":6801,""path"":""ext/opcache/jit/zend_jit_trace.c"",""start_line"":6801,""symbol"":""ZEND_ASSIGN_STATIC_PROP_OP""}]","The cited VM handler and operand declaration provide the exception, bailout, destructor, reference/indirect paths used for this conservative annotation; JIT status uses only cited compiler cases."
30,ZEND_ASSIGN_REF,"{""dispatches"":[],""extended"":[""SRC""],""handler_style"":""ZEND_VM_HANDLER"",""op1"":[""VAR"",""CV""],""op2"":[""VAR"",""CV""],""spec"":[],""variants"":[]}",in_place,conditional,conditional,never,conditional,"The cited handler contains an explicit reference, indirect, dereference, or separation path; preserve alias identity and the listed ownership actions.",never,never,none,runtime.reference,not_started,not_started,"[""destructor"",""exception"",""reference"",""zts""]","[""bailout"",""call_internal"",""read_memory"",""reenter_php"",""run_destructor"",""throw"",""write_memory""]","[""engine.exception"",""frame.call_chain"",""frame.locals"",""frame.temps"",""heap.array"",""heap.object"",""heap.reference"",""heap.zval""]","[""engine.exception"",""frame.call_chain"",""frame.locals"",""heap.reference"",""heap.zval""]","[""canonicalize"",""conditional_destroy"",""copy_addref"",""transfer""]","[""bailout"",""destructor"",""exception"",""reentrancy"",""safepoint""]","[""contract.opcode_matrix"",""opcode.ZEND_ASSIGN_REF""]","[{""end_line"":2900,""path"":""Zend/zend_vm_def.h"",""start_line"":2862,""symbol"":""ZEND_ASSIGN_REF""}]","The cited VM handler and operand declaration provide the exception, bailout, destructor, reference/indirect, ZTS executor-global paths used for this conservative annotation; JIT status uses only cited compiler cases."
31,ZEND_QM_ASSIGN,"{""dispatches"":[],""extended"":[],""handler_style"":""ZEND_VM_HOT_HANDLER"",""op1"":[""CONST"",""TMP"",""VAR"",""CV""],""op2"":[""ANY""],""spec"":[],""variants"":[{""condition"":""(op1_info == MAY_BE_LONG)"",""extended"":[],""handler_style"":""ZEND_VM_HOT_TYPE_SPEC_HANDLER"",""name"":""ZEND_QM_ASSIGN_LONG"",""op1"":[""CONST"",""TMPVARCV""],""op2"":[""ANY""],""source_line"":10493,""spec"":[]},{""condition"":""(op1_info == MAY_BE_DOUBLE)"",""extended"":[],""handler_style"":""ZEND_VM_HOT_TYPE_SPEC_HANDLER"",""name"":""ZEND_QM_ASSIGN_DOUBLE"",""op1"":[""CONST"",""TMPVARCV""],""op2"":[""ANY""],""source_line"":10503,""spec"":[]},{""condition"":""((op->op1_type == IS_CONST) ? !Z_REFCOUNTED_P(RT_CONSTANT(op, op->op1)) : (!(op1_info & ((MAY_BE_ANY|MAY_BE_UNDEF)-(MAY_BE_NULL|MAY_BE_FALSE|MAY_BE_TRUE|MAY_BE_LONG|MAY_BE_DOUBLE)))))"",""extended"":[],""handler_style"":""ZEND_VM_HOT_TYPE_SPEC_HANDLER"",""name"":""ZEND_QM_ASSIGN_NOREF"",""op1"":[""CONST"",""TMPVARCV""],""op2"":[""ANY""],""source_line"":10513,""spec"":[]}]}",temporary,conditional,never,never,never,"The cited handler contains an explicit reference, indirect, dereference, or separation path; preserve alias identity and the listed ownership actions.",never,never,both,runtime.reference,not_started,not_started,"[""exception"",""reference""]","[""read_memory"",""throw"",""write_memory""]","[""engine.exception"",""frame.locals"",""frame.temps"",""heap.reference""]","[""engine.exception"",""frame.temps"",""heap.reference""]","[""canonicalize"",""copy_addref"",""move"",""produce_owned""]","[""exception""]","[""contract.opcode_matrix"",""opcode.ZEND_QM_ASSIGN""]","[{""end_line"":7991,""path"":""Zend/zend_vm_def.h"",""start_line"":7954,""symbol"":""ZEND_QM_ASSIGN""},{""end_line"":2069,""path"":""ext/opcache/jit/zend_jit.c"",""start_line"":2069,""symbol"":""ZEND_QM_ASSIGN""},{""end_line"":5249,""path"":""ext/opcache/jit/zend_jit_trace.c"",""start_line"":5249,""symbol"":""ZEND_QM_ASSIGN""}]","The cited VM handler and operand declaration provide the exception, reference/indirect paths used for this conservative annotation; JIT status uses only cited compiler cases."
32,ZEND_ASSIGN_OBJ_REF,"{""dispatches"":[],""extended"":[""CACHE_SLOT"",""SRC""],""handler_style"":""ZEND_VM_HANDLER"",""op1"":[""VAR"",""UNUSED"",""THIS"",""CV""],""op2"":[""CONST"",""TMP"",""CV""],""spec"":[""OP_DATA=VAR|CV""],""variants"":[]}",in_place,conditional,conditional,never,conditional,"The cited handler contains an explicit reference, indirect, dereference, or separation path; preserve alias identity and the listed ownership actions.",never,never,trace,runtime.reference,not_started,not_started,"[""destructor"",""exception"",""reference""]","[""bailout"",""call_internal"",""read_memory"",""reenter_php"",""run_destructor"",""throw"",""write_memory""]","[""engine.exception"",""frame.call_chain"",""frame.locals"",""frame.temps"",""heap.object"",""heap.reference"",""heap.zval"",""runtime.cache""]","[""engine.exception"",""frame.call_chain"",""frame.locals"",""heap.reference"",""heap.zval""]","[""canonicalize"",""conditional_destroy"",""transfer""]","[""bailout"",""destructor"",""exception"",""reentrancy"",""safepoint""]","[""contract.opcode_matrix"",""opcode.ZEND_ASSIGN_OBJ_REF""]","[{""end_line"":2937,""path"":""Zend/zend_vm_def.h"",""start_line"":2901,""symbol"":""ZEND_ASSIGN_OBJ_REF""},{""end_line"":6802,""path"":""ext/opcache/jit/zend_jit_trace.c"",""start_line"":6802,""symbol"":""ZEND_ASSIGN_OBJ_REF""}]","The cited VM handler and operand declaration provide the exception, bailout, destructor, reference/indirect paths used for this conservative annotation; JIT status uses only cited compiler cases."
33,ZEND_ASSIGN_STATIC_PROP_REF,"{""dispatches"":[],""extended"":[""CACHE_SLOT"",""SRC""],""handler_style"":""ZEND_VM_HANDLER"",""op1"":[""ANY""],""op2"":[""ANY""],""spec"":[],""variants"":[]}",in_place,conditional,conditional,never,conditional,"The cited handler contains an explicit reference, indirect, dereference, or separation path; preserve alias identity and the listed ownership actions.",never,never,trace,runtime.reference,not_started,not_started,"[""destructor"",""exception"",""reference"",""zts""]","[""bailout"",""call_internal"",""read_memory"",""reenter_php"",""run_destructor"",""throw"",""write_memory""]","[""engine.exception"",""frame.call_chain"",""heap.object"",""heap.reference"",""heap.zval"",""runtime.cache""]","[""engine.exception"",""frame.call_chain"",""heap.reference"",""heap.zval""]","[""canonicalize"",""conditional_destroy"",""copy_addref"",""transfer""]","[""bailout"",""destructor"",""exception"",""reentrancy"",""safepoint""]","[""contract.opcode_matrix"",""opcode.ZEND_ASSIGN_STATIC_PROP_REF""]","[{""end_line"":2985,""path"":""Zend/zend_vm_def.h"",""start_line"":2938,""symbol"":""ZEND_ASSIGN_STATIC_PROP_REF""},{""end_line"":6803,""path"":""ext/opcache/jit/zend_jit_trace.c"",""start_line"":6803,""symbol"":""ZEND_ASSIGN_STATIC_PROP_REF""}]","The cited VM handler and operand declaration provide the exception, bailout, destructor, reference/indirect, ZTS executor-global paths used for this conservative annotation; JIT status uses only cited compiler cases."
34,ZEND_PRE_INC,"{""dispatches"":[{""kind"":""helper"",""source_line"":1543,""target"":""zend_pre_inc_helper"",""target_end_line"":1527,""target_start_line"":1495}],""extended"":[],""handler_style"":""ZEND_VM_HOT_HANDLER"",""op1"":[""VAR"",""CV""],""op2"":[""ANY""],""spec"":[""RETVAL""],""variants"":[{""condition"":""(res_info == MAY_BE_LONG && op1_info == MAY_BE_LONG)"",""extended"":[],""handler_style"":""ZEND_VM_HOT_TYPE_SPEC_HANDLER"",""name"":""ZEND_PRE_INC_LONG_NO_OVERFLOW"",""op1"":[""CV""],""op2"":[""ANY""],""source_line"":10397,""spec"":[""RETVAL""]},{""condition"":""(op1_info == MAY_BE_LONG)"",""extended"":[],""handler_style"":""ZEND_VM_HOT_TYPE_SPEC_HANDLER"",""name"":""ZEND_PRE_INC_LONG"",""op1"":[""CV""],""op2"":[""ANY""],""source_line"":10410,""spec"":[""RETVAL""]}]}",in_place,conditional,never,never,conditional,The cited handler has no reference-specific path; ordinary zval operands may still be dereferenced only according to their declared handler forms.,never,never,both,runtime.misc,not_started,not_started,"[""destructor"",""exception"",""reference""]","[""call_internal"",""read_memory"",""run_destructor"",""throw"",""write_memory""]","[""engine.exception"",""frame.locals"",""frame.temps"",""heap.reference"",""heap.zval""]","[""engine.exception"",""frame.locals"",""frame.temps"",""gc.metadata"",""heap.zval""]","[""borrow"",""canonicalize"",""conditional_destroy"",""copy_addref"",""move""]","[""destructor"",""exception""]","[""contract.opcode_matrix"",""opcode.ZEND_PRE_INC""]","[{""end_line"":1527,""path"":""Zend/zend_vm_def.h"",""start_line"":1495,""symbol"":""zend_pre_inc_helper""},{""end_line"":1545,""path"":""Zend/zend_vm_def.h"",""start_line"":1528,""symbol"":""ZEND_PRE_INC""},{""end_line"":1624,""path"":""ext/opcache/jit/zend_jit.c"",""start_line"":1624,""symbol"":""ZEND_PRE_INC""},{""end_line"":4461,""path"":""ext/opcache/jit/zend_jit_trace.c"",""start_line"":4461,""symbol"":""ZEND_PRE_INC""}]",The cited VM handler and operand declaration provide the exception paths used for this conservative annotation; JIT status uses only cited compiler cases. Dispatched helper definitions (zend_pre_inc_helper) are cited and included in the conservative effect union.
35,ZEND_PRE_DEC,"{""dispatches"":[{""kind"":""helper"",""source_line"":1595,""target"":""zend_pre_dec_helper"",""target_end_line"":1579,""target_start_line"":1546}],""extended"":[],""handler_style"":""ZEND_VM_HOT_HANDLER"",""op1"":[""VAR"",""CV""],""op2"":[""ANY""],""spec"":[""RETVAL""],""variants"":[{""condition"":""(res_info == MAY_BE_LONG && op1_info == MAY_BE_LONG)"",""extended"":[],""handler_style"":""ZEND_VM_HOT_TYPE_SPEC_HANDLER"",""name"":""ZEND_PRE_DEC_LONG_NO_OVERFLOW"",""op1"":[""CV""],""op2"":[""ANY""],""source_line"":10423,""spec"":[""RETVAL""]},{""condition"":""(op1_info == MAY_BE_LONG)"",""extended"":[],""handler_style"":""ZEND_VM_HOT_TYPE_SPEC_HANDLER"",""name"":""ZEND_PRE_DEC_LONG"",""op1"":[""CV""],""op2"":[""ANY""],""source_line"":10436,""spec"":[""RETVAL""]}]}",in_place,conditional,never,never,conditional,The cited handler has no reference-specific path; ordinary zval operands may still be dereferenced only according to their declared handler forms.,never,never,both,runtime.misc,not_started,not_started,"[""destructor"",""exception"",""reference""]","[""call_internal"",""read_memory"",""run_destructor"",""throw"",""write_memory""]","[""engine.exception"",""frame.locals"",""frame.temps"",""heap.reference"",""heap.zval""]","[""engine.exception"",""frame.locals"",""frame.temps"",""gc.metadata"",""heap.zval""]","[""borrow"",""canonicalize"",""conditional_destroy"",""copy_addref"",""move""]","[""destructor"",""exception""]","[""contract.opcode_matrix"",""opcode.ZEND_PRE_DEC""]","[{""end_line"":1579,""path"":""Zend/zend_vm_def.h"",""start_line"":1546,""symbol"":""zend_pre_dec_helper""},{""end_line"":1597,""path"":""Zend/zend_vm_def.h"",""start_line"":1580,""symbol"":""ZEND_PRE_DEC""},{""end_line"":1625,""path"":""ext/opcache/jit/zend_jit.c"",""start_line"":1625,""symbol"":""ZEND_PRE_DEC""},{""end_line"":4462,""path"":""ext/opcache/jit/zend_jit_trace.c"",""start_line"":4462,""symbol"":""ZEND_PRE_DEC""}]",The cited VM handler and operand declaration provide the exception paths used for this conservative annotation; JIT status uses only cited compiler cases. Dispatched helper definitions (zend_pre_dec_helper) are cited and included in the conservative effect union.
36,ZEND_POST_INC,"{""dispatches"":[{""kind"":""helper"",""source_line"":1643,""target"":""zend_post_inc_helper"",""target_end_line"":1629,""target_start_line"":1598}],""extended"":[],""handler_style"":""ZEND_VM_HOT_HANDLER"",""op1"":[""VAR"",""CV""],""op2"":[""ANY""],""spec"":[],""variants"":[{""condition"":""(res_info == MAY_BE_LONG && op1_info == MAY_BE_LONG)"",""extended"":[],""handler_style"":""ZEND_VM_HOT_TYPE_SPEC_HANDLER"",""name"":""ZEND_POST_INC_LONG_NO_OVERFLOW"",""op1"":[""CV""],""op2"":[""ANY""],""source_line"":10449,""spec"":[]},{""condition"":""(op1_info == MAY_BE_LONG)"",""extended"":[],""handler_style"":""ZEND_VM_HOT_TYPE_SPEC_HANDLER"",""name"":""ZEND_POST_INC_LONG"",""op1"":[""CV""],""op2"":[""ANY""],""source_line"":10460,""spec"":[]}]}",in_place,conditional,never,never,conditional,The cited handler has no reference-specific path; ordinary zval operands may still be dereferenced only according to their declared handler forms.,never,never,both,runtime.misc,not_started,not_started,"[""destructor"",""exception"",""reference""]","[""call_internal"",""read_memory"",""run_destructor"",""throw"",""write_memory""]","[""engine.exception"",""frame.locals"",""frame.temps"",""heap.reference"",""heap.zval""]","[""engine.exception"",""frame.locals"",""frame.temps"",""gc.metadata"",""heap.zval""]","[""borrow"",""canonicalize"",""conditional_destroy"",""copy_addref""]","[""destructor"",""exception""]","[""contract.opcode_matrix"",""opcode.ZEND_POST_INC""]","[{""end_line"":1629,""path"":""Zend/zend_vm_def.h"",""start_line"":1598,""symbol"":""zend_post_inc_helper""},{""end_line"":1645,""path"":""Zend/zend_vm_def.h"",""start_line"":1630,""symbol"":""ZEND_POST_INC""},{""end_line"":1626,""path"":""ext/opcache/jit/zend_jit.c"",""start_line"":1626,""symbol"":""ZEND_POST_INC""},{""end_line"":4463,""path"":""ext/opcache/jit/zend_jit_trace.c"",""start_line"":4463,""symbol"":""ZEND_POST_INC""}]",The cited VM handler and operand declaration provide the exception paths used for this conservative annotation; JIT status uses only cited compiler cases. Dispatched helper definitions (zend_post_inc_helper) are cited and included in the conservative effect union.
37,ZEND_POST_DEC,"{""dispatches"":[{""kind"":""helper"",""source_line"":1691,""target"":""zend_post_dec_helper"",""target_end_line"":1677,""target_start_line"":1646}],""extended"":[],""handler_style"":""ZEND_VM_HOT_HANDLER"",""op1"":[""VAR"",""CV""],""op2"":[""ANY""],""spec"":[],""variants"":[{""condition"":""(res_info == MAY_BE_LONG && op1_info == MAY_BE_LONG)"",""extended"":[],""handler_style"":""ZEND_VM_HOT_TYPE_SPEC_HANDLER"",""name"":""ZEND_POST_DEC_LONG_NO_OVERFLOW"",""op1"":[""CV""],""op2"":[""ANY""],""source_line"":10471,""spec"":[]},{""condition"":""(op1_info == MAY_BE_LONG)"",""extended"":[],""handler_style"":""ZEND_VM_HOT_TYPE_SPEC_HANDLER"",""name"":""ZEND_POST_DEC_LONG"",""op1"":[""CV""],""op2"":[""ANY""],""source_line"":10482,""spec"":[]}]}",in_place,conditional,never,never,conditional,The cited handler has no reference-specific path; ordinary zval operands may still be dereferenced only according to their declared handler forms.,never,never,both,runtime.misc,not_started,not_started,"[""destructor"",""exception"",""reference""]","[""call_internal"",""read_memory"",""run_destructor"",""throw"",""write_memory""]","[""engine.exception"",""frame.locals"",""frame.temps"",""heap.reference"",""heap.zval""]","[""engine.exception"",""frame.locals"",""frame.temps"",""gc.metadata"",""heap.zval""]","[""borrow"",""canonicalize"",""conditional_destroy"",""copy_addref""]","[""destructor"",""exception""]","[""contract.opcode_matrix"",""opcode.ZEND_POST_DEC""]","[{""end_line"":1677,""path"":""Zend/zend_vm_def.h"",""start_line"":1646,""symbol"":""zend_post_dec_helper""},{""end_line"":1693,""path"":""Zend/zend_vm_def.h"",""start_line"":1678,""symbol"":""ZEND_POST_DEC""},{""end_line"":1627,""path"":""ext/opcache/jit/zend_jit.c"",""start_line"":1627,""symbol"":""ZEND_POST_DEC""},{""end_line"":4464,""path"":""ext/opcache/jit/zend_jit_trace.c"",""start_line"":4464,""symbol"":""ZEND_POST_DEC""}]",The cited VM handler and operand declaration provide the exception paths used for this conservative annotation; JIT status uses only cited compiler cases. Dispatched helper definitions (zend_post_dec_helper) are cited and included in the conservative effect union.
38,ZEND_PRE_INC_STATIC_PROP,"{""dispatches"":[],""extended"":[""CACHE_SLOT""],""handler_style"":""ZEND_VM_HANDLER"",""op1"":[""ANY""],""op2"":[""ANY""],""spec"":[],""variants"":[]}",in_place,conditional,never,never,never,"The cited handler contains an explicit reference, indirect, dereference, or separation path; preserve alias identity and the listed ownership actions.",never,never,none,runtime.object,not_started,not_started,"[""exception"",""reference""]","[""call_internal"",""read_memory"",""throw"",""write_memory""]","[""engine.exception"",""heap.object"",""heap.reference"",""runtime.cache""]","[""engine.exception"",""heap.reference"",""heap.zval""]","[""borrow"",""canonicalize""]","[""exception""]","[""contract.opcode_matrix"",""opcode.ZEND_PRE_INC_STATIC_PROP""]","[{""end_line"":1455,""path"":""Zend/zend_vm_def.h"",""start_line"":1428,""symbol"":""ZEND_PRE_INC_STATIC_PROP""}]","The cited VM handler and operand declaration provide the exception, reference/indirect paths used for this conservative annotation; JIT status uses only cited compiler cases."
39,ZEND_PRE_DEC_STATIC_PROP,"{""dispatches"":[{""kind"":""handler"",""source_line"":1458,""target"":""ZEND_PRE_INC_STATIC_PROP"",""target_end_line"":1455,""target_start_line"":1428}],""extended"":[""CACHE_SLOT""],""handler_style"":""ZEND_VM_HANDLER"",""op1"":[""ANY""],""op2"":[""ANY""],""spec"":[],""variants"":[]}",in_place,conditional,never,never,never,The cited dispatched handler carries the target opcode's reference and indirect-zval semantics.,never,never,none,runtime.object,not_started,not_started,"[""exception"",""reference""]","[""call_internal"",""read_memory"",""throw"",""write_memory""]","[""engine.exception"",""heap.object"",""heap.reference"",""runtime.cache""]","[""engine.exception"",""heap.reference"",""heap.zval""]","[""borrow"",""canonicalize""]","[""exception""]","[""contract.opcode_matrix"",""opcode.ZEND_PRE_DEC_STATIC_PROP""]","[{""end_line"":1455,""path"":""Zend/zend_vm_def.h"",""start_line"":1428,""symbol"":""ZEND_PRE_INC_STATIC_PROP""},{""end_line"":1461,""path"":""Zend/zend_vm_def.h"",""start_line"":1456,""symbol"":""ZEND_PRE_DEC_STATIC_PROP""}]",The cited VM handler and operand declaration provide the ordinary operand/result paths used for this conservative annotation; JIT status uses only cited compiler cases. Dispatched handler definitions (ZEND_PRE_INC_STATIC_PROP) are cited and included in the conservative effect union.
40,ZEND_POST_INC_STATIC_PROP,"{""dispatches"":[],""extended"":[""CACHE_SLOT""],""handler_style"":""ZEND_VM_HANDLER"",""op1"":[""ANY""],""op2"":[""ANY""],""spec"":[],""variants"":[]}",in_place,conditional,never,never,never,"The cited handler contains an explicit reference, indirect, dereference, or separation path; preserve alias identity and the listed ownership actions.",never,never,none,runtime.object,not_started,not_started,"[""exception"",""reference""]","[""call_internal"",""read_memory"",""throw"",""write_memory""]","[""engine.exception"",""heap.object"",""heap.reference"",""runtime.cache""]","[""engine.exception"",""heap.reference"",""heap.zval""]","[""borrow"",""canonicalize""]","[""exception""]","[""contract.opcode_matrix"",""opcode.ZEND_POST_INC_STATIC_PROP""]","[{""end_line"":1489,""path"":""Zend/zend_vm_def.h"",""start_line"":1462,""symbol"":""ZEND_POST_INC_STATIC_PROP""}]","The cited VM handler and operand declaration provide the exception, reference/indirect paths used for this conservative annotation; JIT status uses only cited compiler cases."
41,ZEND_POST_DEC_STATIC_PROP,"{""dispatches"":[{""kind"":""handler"",""source_line"":1492,""target"":""ZEND_POST_INC_STATIC_PROP"",""target_end_line"":1489,""target_start_line"":1462}],""extended"":[""CACHE_SLOT""],""handler_style"":""ZEND_VM_HANDLER"",""op1"":[""ANY""],""op2"":[""ANY""],""spec"":[],""variants"":[]}",in_place,conditional,never,never,never,The cited dispatched handler carries the target opcode's reference and indirect-zval semantics.,never,never,none,runtime.object,not_started,not_started,"[""exception"",""reference""]","[""call_internal"",""read_memory"",""throw"",""write_memory""]","[""engine.exception"",""heap.object"",""heap.reference"",""runtime.cache""]","[""engine.exception"",""heap.reference"",""heap.zval""]","[""borrow"",""canonicalize""]","[""exception""]","[""contract.opcode_matrix"",""opcode.ZEND_POST_DEC_STATIC_PROP""]","[{""end_line"":1489,""path"":""Zend/zend_vm_def.h"",""start_line"":1462,""symbol"":""ZEND_POST_INC_STATIC_PROP""},{""end_line"":1494,""path"":""Zend/zend_vm_def.h"",""start_line"":1490,""symbol"":""ZEND_POST_DEC_STATIC_PROP""}]",The cited VM handler and operand declaration provide the ordinary operand/result paths used for this conservative annotation; JIT status uses only cited compiler cases. Dispatched handler definitions (ZEND_POST_INC_STATIC_PROP) are cited and included in the conservative effect union.
42,ZEND_JMP,"{""dispatches"":[],""extended"":[],""handler_style"":""ZEND_VM_HOT_HANDLER"",""op1"":[""JMP_ADDR""],""op2"":[""ANY""],""spec"":[],""variants"":[{""condition"":""(OP_JMP_ADDR(op, op->op1) > op)"",""extended"":[],""handler_style"":""ZEND_VM_HOT_TYPE_SPEC_HANDLER"",""name"":""ZEND_JMP_FORWARD"",""op1"":[""JMP_ADDR""],""op2"":[""ANY""],""source_line"":10128,""spec"":[]}]}",control,never,never,never,never,The cited handler has no reference-specific path; ordinary zval operands may still be dereferenced only according to their declared handler forms.,never,never,partial,control.branch,not_started,not_started,[],"[""read_memory"",""write_memory""]","[""frame.call_chain""]","[""frame.call_chain""]","[""borrow""]",[],"[""contract.opcode_matrix"",""opcode.ZEND_JMP""]","[{""end_line"":3134,""path"":""Zend/zend_vm_def.h"",""start_line"":3128,""symbol"":""ZEND_JMP""},{""end_line"":281,""path"":""ext/opcache/jit/zend_jit.c"",""start_line"":281,""symbol"":""ZEND_JMP""}]",The cited VM handler and operand declaration provide the ordinary operand/result paths used for this conservative annotation; JIT status uses only cited compiler cases.
43,ZEND_JMPZ,"{""dispatches"":[],""extended"":[],""handler_style"":""ZEND_VM_HOT_NOCONST_HANDLER"",""op1"":[""CONST"",""TMP"",""CV""],""op2"":[""JMP_ADDR""],""spec"":[],""variants"":[]}",control,conditional,conditional,never,conditional,The cited handler has no reference-specific path; ordinary zval operands may still be dereferenced only according to their declared handler forms.,never,conditional,both,control.branch,not_started,not_started,"[""destructor"",""exception"",""interrupt"",""zts""]","[""bailout"",""call_internal"",""interrupt_boundary"",""read_memory"",""reenter_php"",""run_destructor"",""throw"",""write_memory""]","[""engine.exception"",""engine.interrupt"",""frame.call_chain"",""frame.locals"",""frame.temps"",""heap.zval""]","[""engine.exception"",""engine.interrupt"",""frame.call_chain"",""heap.zval""]","[""borrow"",""conditional_destroy""]","[""bailout"",""destructor"",""exception"",""interrupt"",""reentrancy"",""safepoint""]","[""contract.opcode_matrix"",""opcode.ZEND_JMPZ""]","[{""end_line"":4376,""path"":""Zend/zend_execute.c"",""start_line"":4340,""symbol"":""vm_interrupt""},{""end_line"":3168,""path"":""Zend/zend_vm_def.h"",""start_line"":3135,""symbol"":""ZEND_JMPZ""},{""end_line"":2312,""path"":""ext/opcache/jit/zend_jit.c"",""start_line"":2312,""symbol"":""ZEND_JMPZ""},{""end_line"":5679,""path"":""ext/opcache/jit/zend_jit_trace.c"",""start_line"":5679,""symbol"":""ZEND_JMPZ""}]","The cited VM handler and operand declaration provide the exception, bailout, destructor, interrupt, ZTS executor-global paths used for this conservative annotation; JIT status uses only cited compiler cases."
44,ZEND_JMPNZ,"{""dispatches"":[],""extended"":[],""handler_style"":""ZEND_VM_HOT_NOCONST_HANDLER"",""op1"":[""CONST"",""TMP"",""CV""],""op2"":[""JMP_ADDR""],""spec"":[],""variants"":[]}",control,conditional,conditional,never,conditional,The cited handler has no reference-specific path; ordinary zval operands may still be dereferenced only according to their declared handler forms.,never,conditional,both,control.branch,not_started,not_started,"[""destructor"",""exception"",""interrupt"",""zts""]","[""bailout"",""call_internal"",""interrupt_boundary"",""read_memory"",""reenter_php"",""run_destructor"",""throw"",""write_memory""]","[""engine.exception"",""engine.interrupt"",""frame.call_chain"",""frame.locals"",""frame.temps"",""heap.zval""]","[""engine.exception"",""engine.interrupt"",""frame.call_chain"",""heap.zval""]","[""borrow"",""conditional_destroy""]","[""bailout"",""destructor"",""exception"",""interrupt"",""reentrancy"",""safepoint""]","[""contract.opcode_matrix"",""opcode.ZEND_JMPNZ""]","[{""end_line"":4376,""path"":""Zend/zend_execute.c"",""start_line"":4340,""symbol"":""vm_interrupt""},{""end_line"":3202,""path"":""Zend/zend_vm_def.h"",""start_line"":3169,""symbol"":""ZEND_JMPNZ""},{""end_line"":2313,""path"":""ext/opcache/jit/zend_jit.c"",""start_line"":2313,""symbol"":""ZEND_JMPNZ""},{""end_line"":5680,""path"":""ext/opcache/jit/zend_jit_trace.c"",""start_line"":5680,""symbol"":""ZEND_JMPNZ""}]","The cited VM handler and operand declaration provide the exception, bailout, destructor, interrupt, ZTS executor-global paths used for this conservative annotation; JIT status uses only cited compiler cases."
46,ZEND_JMPZ_EX,"{""dispatches"":[],""extended"":[],""handler_style"":""ZEND_VM_COLD_CONST_HANDLER"",""op1"":[""CONST"",""TMP"",""CV""],""op2"":[""JMP_ADDR""],""spec"":[],""variants"":[]}",control,conditional,conditional,never,conditional,The cited handler has no reference-specific path; ordinary zval operands may still be dereferenced only according to their declared handler forms.,never,conditional,both,control.branch,not_started,not_started,"[""destructor"",""exception"",""interrupt"",""zts""]","[""bailout"",""interrupt_boundary"",""read_memory"",""reenter_php"",""run_destructor"",""throw"",""write_memory""]","[""engine.exception"",""engine.interrupt"",""frame.call_chain"",""frame.locals"",""frame.temps"",""heap.zval""]","[""engine.exception"",""engine.interrupt"",""frame.call_chain"",""heap.zval""]","[""borrow"",""conditional_destroy""]","[""bailout"",""destructor"",""exception"",""interrupt"",""reentrancy"",""safepoint""]","[""contract.opcode_matrix"",""opcode.ZEND_JMPZ_EX""]","[{""end_line"":4376,""path"":""Zend/zend_execute.c"",""start_line"":4340,""symbol"":""vm_interrupt""},{""end_line"":3238,""path"":""Zend/zend_vm_def.h"",""start_line"":3203,""symbol"":""ZEND_JMPZ_EX""},{""end_line"":2323,""path"":""ext/opcache/jit/zend_jit.c"",""start_line"":2323,""symbol"":""ZEND_JMPZ_EX""},{""end_line"":5681,""path"":""ext/opcache/jit/zend_jit_trace.c"",""start_line"":5681,""symbol"":""ZEND_JMPZ_EX""}]","The cited VM handler and operand declaration provide the exception, bailout, destructor, interrupt, ZTS executor-global paths used for this conservative annotation; JIT status uses only cited compiler cases."
47,ZEND_JMPNZ_EX,"{""dispatches"":[],""extended"":[],""handler_style"":""ZEND_VM_COLD_CONST_HANDLER"",""op1"":[""CONST"",""TMP"",""CV""],""op2"":[""JMP_ADDR""],""spec"":[],""variants"":[]}",control,conditional,conditional,never,conditional,The cited handler has no reference-specific path; ordinary zval operands may still be dereferenced only according to their declared handler forms.,never,conditional,both,control.branch,not_started,not_started,"[""destructor"",""exception"",""interrupt""]","[""bailout"",""interrupt_boundary"",""read_memory"",""reenter_php"",""run_destructor"",""throw"",""write_memory""]","[""engine.exception"",""engine.interrupt"",""frame.call_chain"",""frame.locals"",""frame.temps"",""heap.zval""]","[""engine.exception"",""engine.interrupt"",""frame.call_chain"",""heap.zval""]","[""borrow"",""conditional_destroy""]","[""bailout"",""destructor"",""exception"",""interrupt"",""reentrancy"",""safepoint""]","[""contract.opcode_matrix"",""opcode.ZEND_JMPNZ_EX""]","[{""end_line"":4376,""path"":""Zend/zend_execute.c"",""start_line"":4340,""symbol"":""vm_interrupt""},{""end_line"":3273,""path"":""Zend/zend_vm_def.h"",""start_line"":3239,""symbol"":""ZEND_JMPNZ_EX""},{""end_line"":2324,""path"":""ext/opcache/jit/zend_jit.c"",""start_line"":2324,""symbol"":""ZEND_JMPNZ_EX""},{""end_line"":5682,""path"":""ext/opcache/jit/zend_jit_trace.c"",""start_line"":5682,""symbol"":""ZEND_JMPNZ_EX""}]","The cited VM handler and operand declaration provide the exception, bailout, destructor, interrupt paths used for this conservative annotation; JIT status uses only cited compiler cases."
48,ZEND_CASE,"{""dispatches"":[{""kind"":""helper"",""source_line"":5999,""target"":""zend_case_helper"",""target_end_line"":5950,""target_start_line"":5932}],""extended"":[],""handler_style"":""ZEND_VM_HANDLER"",""op1"":[""TMP""],""op2"":[""CONST"",""TMP"",""CV""],""spec"":[],""variants"":[]}",temporary,conditional,conditional,never,conditional,The cited handler has no reference-specific path; ordinary zval operands may still be dereferenced only according to their declared handler forms.,never,never,both,scalar.compare,not_started,not_started,"[""destructor"",""exception""]","[""bailout"",""call_internal"",""read_memory"",""reenter_php"",""run_destructor"",""throw"",""write_memory""]","[""engine.exception"",""frame.call_chain"",""frame.locals"",""frame.temps"",""heap.string"",""heap.zval""]","[""engine.exception"",""frame.call_chain"",""frame.temps"",""gc.metadata"",""heap.zval""]","[""conditional_destroy"",""produce_owned""]","[""bailout"",""destructor"",""exception"",""reentrancy"",""safepoint""]","[""contract.opcode_matrix"",""opcode.ZEND_CASE""]","[{""end_line"":5950,""path"":""Zend/zend_vm_def.h"",""start_line"":5932,""symbol"":""zend_case_helper""},{""end_line"":6001,""path"":""Zend/zend_vm_def.h"",""start_line"":5951,""symbol"":""ZEND_CASE""},{""end_line"":2173,""path"":""ext/opcache/jit/zend_jit.c"",""start_line"":2173,""symbol"":""ZEND_CASE""},{""end_line"":5444,""path"":""ext/opcache/jit/zend_jit_trace.c"",""start_line"":5444,""symbol"":""ZEND_CASE""}]","The cited VM handler and operand declaration provide the exception, bailout, destructor paths used for this conservative annotation; JIT status uses only cited compiler cases. Dispatched helper definitions (zend_case_helper) are cited and included in the conservative effect union."
49,ZEND_CHECK_VAR,"{""dispatches"":[],""extended"":[],""handler_style"":""ZEND_VM_HANDLER"",""op1"":[""CV""],""op2"":[""UNUSED""],""spec"":[],""variants"":[]}",none,conditional,never,never,never,The cited handler has no reference-specific path; ordinary zval operands may still be dereferenced only according to their declared handler forms.,never,never,none,runtime.misc,not_started,not_started,"[""exception""]","[""read_memory"",""throw"",""write_memory""]","[""engine.exception"",""frame.locals""]","[""engine.exception""]","[""borrow""]","[""exception""]","[""contract.opcode_matrix"",""opcode.ZEND_CHECK_VAR""]","[{""end_line"":9380,""path"":""Zend/zend_vm_def.h"",""start_line"":9368,""symbol"":""ZEND_CHECK_VAR""}]",The cited VM handler and operand declaration provide the exception paths used for this conservative annotation; JIT status uses only cited compiler cases.
50,ZEND_SEND_VAR_NO_REF_EX,"{""dispatches"":[],""extended"":[],""handler_style"":""ZEND_VM_HOT_SEND_HANDLER"",""op1"":[""VAR""],""op2"":[""CONST"",""UNUSED"",""NUM""],""spec"":[""QUICK_ARG""],""variants"":[]}",none,conditional,conditional,never,conditional,"The cited handler contains an explicit reference, indirect, dereference, or separation path; preserve alias identity and the listed ownership actions.",never,never,both,runtime.reference,not_started,not_started,"[""destructor"",""exception"",""reference""]","[""allocate"",""bailout"",""call_internal"",""read_memory"",""reenter_php"",""run_destructor"",""throw"",""write_memory""]","[""engine.exception"",""frame.args"",""frame.call_chain"",""frame.temps"",""heap.reference"",""heap.string"",""heap.zval"",""runtime.cache""]","[""engine.exception"",""frame.args"",""frame.call_chain"",""gc.metadata"",""heap.zval""]","[""borrow"",""canonicalize"",""conditional_destroy"",""copy_addref"",""move""]","[""bailout"",""destructor"",""exception"",""reentrancy"",""safepoint""]","[""contract.opcode_matrix"",""opcode.ZEND_SEND_VAR_NO_REF_EX""]","[{""end_line"":5123,""path"":""Zend/zend_vm_def.h"",""start_line"":5056,""symbol"":""ZEND_SEND_VAR_NO_REF_EX""},{""end_line"":2119,""path"":""ext/opcache/jit/zend_jit.c"",""start_line"":2119,""symbol"":""ZEND_SEND_VAR_NO_REF_EX""},{""end_line"":5350,""path"":""ext/opcache/jit/zend_jit_trace.c"",""start_line"":5350,""symbol"":""ZEND_SEND_VAR_NO_REF_EX""}]","The cited VM handler and operand declaration provide the exception, bailout, destructor, allocation, reference/indirect paths used for this conservative annotation; JIT status uses only cited compiler cases."
51,ZEND_CAST,"{""dispatches"":[],""extended"":[""TYPE""],""handler_style"":""ZEND_VM_COLD_CONST_HANDLER"",""op1"":[""CONST"",""TMP"",""CV""],""op2"":[""ANY""],""spec"":[],""variants"":[]}",temporary,conditional,conditional,never,conditional,"The cited handler contains an explicit reference, indirect, dereference, or separation path; preserve alias identity and the listed ownership actions.",never,never,trace,runtime.misc,not_started,not_started,"[""destructor"",""exception"",""reference""]","[""bailout"",""call_internal"",""read_memory"",""reenter_php"",""run_destructor"",""throw"",""write_memory""]","[""engine.exception"",""frame.call_chain"",""frame.locals"",""frame.temps"",""heap.object"",""heap.reference"",""heap.string"",""heap.zval""]","[""engine.exception"",""frame.call_chain"",""frame.temps"",""heap.reference"",""heap.zval""]","[""canonicalize"",""conditional_destroy"",""copy_addref"",""move"",""produce_owned""]","[""bailout"",""destructor"",""exception"",""reentrancy"",""safepoint""]","[""contract.opcode_matrix"",""opcode.ZEND_CAST""]","[{""end_line"":6604,""path"":""Zend/zend_vm_def.h"",""start_line"":6556,""symbol"":""ZEND_CAST""},{""end_line"":5244,""path"":""ext/opcache/jit/zend_jit_trace.c"",""start_line"":5244,""symbol"":""ZEND_CAST""}]","The cited VM handler and operand declaration provide the exception, bailout, destructor, reference/indirect paths used for this conservative annotation; JIT status uses only cited compiler cases."
52,ZEND_BOOL,"{""dispatches"":[],""extended"":[],""handler_style"":""ZEND_VM_COLD_CONST_HANDLER"",""op1"":[""CONST"",""TMP"",""CV""],""op2"":[""ANY""],""spec"":[],""variants"":[]}",temporary,conditional,conditional,never,conditional,The cited handler has no reference-specific path; ordinary zval operands may still be dereferenced only according to their declared handler forms.,never,never,both,scalar.compare,not_started,not_started,"[""destructor"",""exception""]","[""bailout"",""read_memory"",""reenter_php"",""run_destructor"",""throw"",""write_memory""]","[""engine.exception"",""frame.call_chain"",""frame.locals"",""frame.temps"",""heap.zval""]","[""engine.exception"",""frame.call_chain"",""frame.temps"",""heap.zval""]","[""conditional_destroy"",""produce_owned""]","[""bailout"",""destructor"",""exception"",""reentrancy"",""safepoint""]","[""contract.opcode_matrix"",""opcode.ZEND_BOOL""]","[{""end_line"":5931,""path"":""Zend/zend_vm_def.h"",""start_line"":5906,""symbol"":""ZEND_BOOL""},{""end_line"":2302,""path"":""ext/opcache/jit/zend_jit.c"",""start_line"":2302,""symbol"":""ZEND_BOOL""},{""end_line"":5667,""path"":""ext/opcache/jit/zend_jit_trace.c"",""start_line"":5667,""symbol"":""ZEND_BOOL""}]","The cited VM handler and operand declaration provide the exception, bailout, destructor paths used for this conservative annotation; JIT status uses only cited compiler cases."
53,ZEND_FAST_CONCAT,"{""dispatches"":[],""extended"":[],""handler_style"":""ZEND_VM_COLD_CONSTCONST_HANDLER"",""op1"":[""CONST"",""TMP"",""CV""],""op2"":[""CONST"",""TMP"",""CV""],""spec"":[],""variants"":[]}",temporary,conditional,conditional,never,conditional,"The cited handler contains an explicit reference, indirect, dereference, or separation path; preserve alias identity and the listed ownership actions.",never,never,both,scalar.binary,not_started,not_started,"[""destructor"",""exception"",""reference""]","[""allocate"",""bailout"",""call_internal"",""read_memory"",""reenter_php"",""run_destructor"",""throw"",""write_memory""]","[""engine.exception"",""frame.call_chain"",""frame.locals"",""frame.temps"",""heap.reference"",""heap.string"",""heap.zval""]","[""engine.exception"",""frame.call_chain"",""frame.temps"",""gc.metadata"",""heap.reference"",""heap.zval""]","[""canonicalize"",""conditional_destroy"",""copy_addref"",""produce_owned""]","[""bailout"",""destructor"",""exception"",""reentrancy"",""safepoint""]","[""contract.opcode_matrix"",""opcode.ZEND_FAST_CONCAT""]","[{""end_line"":3432,""path"":""Zend/zend_vm_def.h"",""start_line"":3308,""symbol"":""ZEND_FAST_CONCAT""},{""end_line"":1782,""path"":""ext/opcache/jit/zend_jit.c"",""start_line"":1782,""symbol"":""ZEND_FAST_CONCAT""},{""end_line"":4676,""path"":""ext/opcache/jit/zend_jit_trace.c"",""start_line"":4676,""symbol"":""ZEND_FAST_CONCAT""}]","The cited VM handler and operand declaration provide the exception, bailout, destructor, allocation, reference/indirect paths used for this conservative annotation; JIT status uses only cited compiler cases."
54,ZEND_ROPE_INIT,"{""dispatches"":[],""extended"":[""NUM""],""handler_style"":""ZEND_VM_HANDLER"",""op1"":[""UNUSED""],""op2"":[""CONST"",""TMP"",""CV""],""spec"":[],""variants"":[]}",temporary,conditional,conditional,never,conditional,"The cited handler contains an explicit reference, indirect, dereference, or separation path; preserve alias identity and the listed ownership actions.",never,never,both,runtime.misc,not_started,not_started,"[""destructor"",""exception"",""reference""]","[""bailout"",""call_internal"",""read_memory"",""reenter_php"",""run_destructor"",""throw"",""write_memory""]","[""engine.exception"",""frame.call_chain"",""frame.locals"",""frame.temps"",""heap.reference"",""heap.string"",""heap.zval""]","[""engine.exception"",""frame.call_chain"",""frame.temps"",""heap.reference"",""heap.zval""]","[""canonicalize"",""conditional_destroy"",""produce_owned""]","[""bailout"",""destructor"",""exception"",""reentrancy"",""safepoint""]","[""contract.opcode_matrix"",""opcode.ZEND_ROPE_INIT""]","[{""end_line"":3467,""path"":""Zend/zend_vm_def.h"",""start_line"":3433,""symbol"":""ZEND_ROPE_INIT""},{""end_line"":2709,""path"":""ext/opcache/jit/zend_jit.c"",""start_line"":2709,""symbol"":""ZEND_ROPE_INIT""},{""end_line"":6475,""path"":""ext/opcache/jit/zend_jit_trace.c"",""start_line"":6475,""symbol"":""ZEND_ROPE_INIT""}]","The cited VM handler and operand declaration provide the exception, bailout, destructor, reference/indirect paths used for this conservative annotation; JIT status uses only cited compiler cases."
55,ZEND_ROPE_ADD,"{""dispatches"":[],""extended"":[""NUM""],""handler_style"":""ZEND_VM_HANDLER"",""op1"":[""TMP""],""op2"":[""CONST"",""TMP"",""CV""],""spec"":[],""variants"":[]}",temporary,conditional,conditional,never,conditional,"The cited handler contains an explicit reference, indirect, dereference, or separation path; preserve alias identity and the listed ownership actions.",never,never,both,scalar.binary,not_started,not_started,"[""destructor"",""exception"",""reference""]","[""bailout"",""call_internal"",""read_memory"",""reenter_php"",""run_destructor"",""throw"",""write_memory""]","[""engine.exception"",""frame.call_chain"",""frame.locals"",""frame.temps"",""heap.reference"",""heap.string"",""heap.zval""]","[""engine.exception"",""frame.call_chain"",""frame.temps"",""heap.reference"",""heap.zval""]","[""canonicalize"",""conditional_destroy"",""produce_owned""]","[""bailout"",""destructor"",""exception"",""reentrancy"",""safepoint""]","[""contract.opcode_matrix"",""opcode.ZEND_ROPE_ADD""]","[{""end_line"":3502,""path"":""Zend/zend_vm_def.h"",""start_line"":3468,""symbol"":""ZEND_ROPE_ADD""},{""end_line"":2710,""path"":""ext/opcache/jit/zend_jit.c"",""start_line"":2710,""symbol"":""ZEND_ROPE_ADD""},{""end_line"":6476,""path"":""ext/opcache/jit/zend_jit_trace.c"",""start_line"":6476,""symbol"":""ZEND_ROPE_ADD""}]","The cited VM handler and operand declaration provide the exception, bailout, destructor, reference/indirect paths used for this conservative annotation; JIT status uses only cited compiler cases."
56,ZEND_ROPE_END,"{""dispatches"":[],""extended"":[""NUM""],""handler_style"":""ZEND_VM_HANDLER"",""op1"":[""TMP""],""op2"":[""CONST"",""TMP"",""CV""],""spec"":[],""variants"":[]}",temporary,conditional,conditional,never,conditional,"The cited handler contains an explicit reference, indirect, dereference, or separation path; preserve alias identity and the listed ownership actions.",never,never,both,runtime.misc,not_started,not_started,"[""destructor"",""exception"",""reference"",""zts""]","[""allocate"",""bailout"",""call_internal"",""read_memory"",""reenter_php"",""run_destructor"",""throw"",""write_memory""]","[""engine.exception"",""frame.call_chain"",""frame.locals"",""frame.temps"",""heap.reference"",""heap.string"",""heap.zval""]","[""engine.exception"",""frame.call_chain"",""frame.temps"",""gc.metadata"",""heap.reference"",""heap.zval""]","[""canonicalize"",""conditional_destroy"",""produce_owned""]","[""bailout"",""destructor"",""exception"",""reentrancy"",""safepoint""]","[""contract.opcode_matrix"",""opcode.ZEND_ROPE_END""]","[{""end_line"":3562,""path"":""Zend/zend_vm_def.h"",""start_line"":3503,""symbol"":""ZEND_ROPE_END""},{""end_line"":2711,""path"":""ext/opcache/jit/zend_jit.c"",""start_line"":2711,""symbol"":""ZEND_ROPE_END""},{""end_line"":6477,""path"":""ext/opcache/jit/zend_jit_trace.c"",""start_line"":6477,""symbol"":""ZEND_ROPE_END""}]","The cited VM handler and operand declaration provide the exception, bailout, destructor, allocation, reference/indirect, ZTS executor-global paths used for this conservative annotation; JIT status uses only cited compiler cases."
57,ZEND_BEGIN_SILENCE,"{""dispatches"":[],""extended"":[],""handler_style"":""ZEND_VM_HANDLER"",""op1"":[""ANY""],""op2"":[""ANY""],""spec"":[],""variants"":[]}",none,never,never,never,never,The cited handler has no reference-specific path; ordinary zval operands may still be dereferenced only according to their declared handler forms.,never,never,partial,runtime.misc,not_started,not_started,"[""zts""]","[""call_internal"",""read_memory""]","[""heap.array""]",[],"[""borrow""]",[],"[""contract.opcode_matrix"",""opcode.ZEND_BEGIN_SILENCE""]","[{""end_line"":7810,""path"":""Zend/zend_vm_def.h"",""start_line"":7777,""symbol"":""ZEND_BEGIN_SILENCE""},{""end_line"":3781,""path"":""ext/opcache/jit/zend_jit.c"",""start_line"":3781,""symbol"":""ZEND_BEGIN_SILENCE""}]",The cited VM handler and operand declaration provide the ZTS executor-global paths used for this conservative annotation; JIT status uses only cited compiler cases.
58,ZEND_END_SILENCE,"{""dispatches"":[],""extended"":[],""handler_style"":""ZEND_VM_HANDLER"",""op1"":[""TMP""],""op2"":[""ANY""],""spec"":[],""variants"":[]}",none,never,never,never,never,The cited handler has no reference-specific path; ordinary zval operands may still be dereferenced only according to their declared handler forms.,never,never,partial,runtime.misc,not_started,not_started,"[""zts""]","[""read_memory""]","[""frame.temps""]",[],"[""borrow""]",[],"[""contract.opcode_matrix"",""opcode.ZEND_END_SILENCE""]","[{""end_line"":7821,""path"":""Zend/zend_vm_def.h"",""start_line"":7811,""symbol"":""ZEND_END_SILENCE""},{""end_line"":3782,""path"":""ext/opcache/jit/zend_jit.c"",""start_line"":3782,""symbol"":""ZEND_END_SILENCE""}]",The cited VM handler and operand declaration provide the ZTS executor-global paths used for this conservative annotation; JIT status uses only cited compiler cases.
59,ZEND_INIT_FCALL_BY_NAME,"{""dispatches"":[{""kind"":""helper"",""source_line"":3906,""target"":""zend_undefined_function_helper"",""target_end_line"":1006,""target_start_line"":996}],""extended"":[""NUM"",""CACHE_SLOT""],""handler_style"":""ZEND_VM_HOT_HANDLER"",""op1"":[""ANY""],""op2"":[""CONST""],""spec"":[],""variants"":[]}",call_frame,conditional,never,never,never,The cited handler has no reference-specific path; ordinary zval operands may still be dereferenced only according to their declared handler forms.,never,never,both,call.dynamic,not_started,not_started,"[""call"",""exception"",""zts""]","[""allocate"",""call_internal"",""read_memory"",""throw"",""write_memory""]","[""engine.exception"",""engine.function_table"",""frame.args"",""frame.call_chain"",""heap.array"",""heap.string"",""runtime.cache""]","[""engine.exception"",""frame.call_chain"",""gc.metadata"",""heap.string"",""heap.zval""]","[""transfer""]","[""exception"",""safepoint""]","[""contract.opcode_matrix"",""opcode.ZEND_INIT_FCALL_BY_NAME""]","[{""end_line"":1006,""path"":""Zend/zend_vm_def.h"",""start_line"":996,""symbol"":""zend_undefined_function_helper""},{""end_line"":3921,""path"":""Zend/zend_vm_def.h"",""start_line"":3894,""symbol"":""ZEND_INIT_FCALL_BY_NAME""},{""end_line"":2085,""path"":""ext/opcache/jit/zend_jit.c"",""start_line"":2085,""symbol"":""ZEND_INIT_FCALL_BY_NAME""},{""end_line"":5298,""path"":""ext/opcache/jit/zend_jit_trace.c"",""start_line"":5298,""symbol"":""ZEND_INIT_FCALL_BY_NAME""}]","The cited VM handler and operand declaration provide the exception, allocation, ZTS executor-global paths used for this conservative annotation; JIT status uses only cited compiler cases. Dispatched helper definitions (zend_undefined_function_helper) are cited and included in the conservative effect union."
60,ZEND_DO_FCALL,"{""dispatches"":[],""extended"":[],""handler_style"":""ZEND_VM_HOT_HANDLER"",""op1"":[""ANY""],""op2"":[""ANY""],""spec"":[""RETVAL"",""OBSERVER""],""variants"":[]}",temporary,conditional,conditional,conditional,conditional,"The cited handler contains an explicit reference, indirect, dereference, or separation path; preserve alias identity and the listed ownership actions.",conditional,conditional,both,call.dynamic,not_started,not_started,"[""call"",""destructor"",""exception"",""interrupt"",""observer"",""reference"",""zts""]","[""bailout"",""call_internal"",""call_php"",""interrupt_boundary"",""observe_frame"",""read_memory"",""reenter_php"",""run_destructor"",""throw"",""write_memory""]","[""engine.exception"",""engine.interrupt"",""engine.observer"",""frame.args"",""frame.call_chain"",""heap.object"",""heap.reference"",""heap.zval""]","[""engine.exception"",""engine.interrupt"",""frame.call_chain"",""frame.temps"",""heap.reference"",""heap.zval""]","[""canonicalize"",""conditional_destroy"",""produce_owned""]","[""bailout"",""destructor"",""exception"",""interrupt"",""observer"",""reentrancy"",""safepoint""]","[""contract.opcode_matrix"",""opcode.ZEND_DO_FCALL""]","[{""end_line"":4376,""path"":""Zend/zend_execute.c"",""start_line"":4340,""symbol"":""vm_interrupt""},{""end_line"":4467,""path"":""Zend/zend_vm_def.h"",""start_line"":4337,""symbol"":""ZEND_DO_FCALL""},{""end_line"":2164,""path"":""ext/opcache/jit/zend_jit.c"",""start_line"":2164,""symbol"":""ZEND_DO_FCALL""},{""end_line"":5435,""path"":""ext/opcache/jit/zend_jit_trace.c"",""start_line"":5435,""symbol"":""ZEND_DO_FCALL""}]","The cited VM handler and operand declaration provide the exception, bailout, PHP-call/reentrancy, destructor, observer, interrupt, reference/indirect, ZTS executor-global paths used for this conservative annotation; JIT status uses only cited compiler cases."
61,ZEND_INIT_FCALL,"{""dispatches"":[],""extended"":[""NUM"",""CACHE_SLOT""],""handler_style"":""ZEND_VM_HOT_HANDLER"",""op1"":[""NUM""],""op2"":[""CONST""],""spec"":[],""variants"":[{""condition"":""Z_EXTRA_P(RT_CONSTANT(op, op->op2)) != 0"",""extended"":[""NUM"",""CACHE_SLOT""],""handler_style"":""ZEND_VM_HOT_TYPE_SPEC_HANDLER"",""name"":""ZEND_INIT_FCALL_OFFSET"",""op1"":[""NUM""],""op2"":[""CONST""],""source_line"":4109,""spec"":[]}]}",call_frame,never,never,never,never,The cited handler has no reference-specific path; ordinary zval operands may still be dereferenced only according to their declared handler forms.,never,never,both,call.dynamic,not_started,not_started,"[""call"",""zts""]","[""allocate"",""call_internal"",""read_memory"",""write_memory""]","[""engine.function_table"",""frame.args"",""frame.call_chain"",""heap.array"",""runtime.cache""]","[""frame.call_chain"",""gc.metadata"",""heap.zval""]","[""transfer""]","[""safepoint""]","[""contract.opcode_matrix"",""opcode.ZEND_INIT_FCALL""]","[{""end_line"":4108,""path"":""Zend/zend_vm_def.h"",""start_line"":4080,""symbol"":""ZEND_INIT_FCALL""},{""end_line"":2084,""path"":""ext/opcache/jit/zend_jit.c"",""start_line"":2084,""symbol"":""ZEND_INIT_FCALL""},{""end_line"":5297,""path"":""ext/opcache/jit/zend_jit_trace.c"",""start_line"":5297,""symbol"":""ZEND_INIT_FCALL""}]","The cited VM handler and operand declaration provide the allocation, ZTS executor-global paths used for this conservative annotation; JIT status uses only cited compiler cases."
62,ZEND_RETURN,"{""dispatches"":[{""kind"":""helper"",""source_line"":4620,""target"":""zend_leave_helper"",""target_end_line"":3127,""target_start_line"":2986}],""extended"":[],""handler_style"":""ZEND_VM_INLINE_HANDLER"",""op1"":[""CONST"",""TMP"",""CV""],""op2"":[""ANY""],""spec"":[""OBSERVER""],""variants"":[]}",return,conditional,conditional,never,conditional,"The cited handler contains an explicit reference, indirect, dereference, or separation path; preserve alias identity and the listed ownership actions.",conditional,never,both,control.return,not_started,not_started,"[""destructor"",""exception"",""observer"",""reference""]","[""bailout"",""call_internal"",""observe_frame"",""read_memory"",""reenter_php"",""run_destructor"",""terminate"",""throw"",""write_memory""]","[""engine.exception"",""engine.observer"",""frame.args"",""frame.call_chain"",""frame.locals"",""frame.temps"",""heap.array"",""heap.object"",""heap.reference"",""heap.zval""]","[""engine.exception"",""frame.call_chain"",""gc.metadata"",""heap.array"",""heap.object"",""heap.zval""]","[""canonicalize"",""conditional_destroy"",""copy_addref"",""move"",""transfer""]","[""bailout"",""destructor"",""exception"",""observer"",""reentrancy"",""safepoint""]","[""contract.opcode_matrix"",""opcode.ZEND_RETURN""]","[{""end_line"":3127,""path"":""Zend/zend_vm_def.h"",""start_line"":2986,""symbol"":""zend_leave_helper""},{""end_line"":4622,""path"":""Zend/zend_vm_def.h"",""start_line"":4545,""symbol"":""ZEND_RETURN""},{""end_line"":2284,""path"":""ext/opcache/jit/zend_jit.c"",""start_line"":2284,""symbol"":""ZEND_RETURN""},{""end_line"":5589,""path"":""ext/opcache/jit/zend_jit_trace.c"",""start_line"":5589,""symbol"":""ZEND_RETURN""}]","The cited VM handler and operand declaration provide the exception, bailout, destructor, observer, reference/indirect paths used for this conservative annotation; JIT status uses only cited compiler cases. Dispatched helper definitions (zend_leave_helper) are cited and included in the conservative effect union."
63,ZEND_RECV,"{""dispatches"":[{""kind"":""helper"",""source_line"":5760,""target"":""zend_missing_arg_helper"",""target_end_line"":5716,""target_start_line"":5707},{""kind"":""helper"",""source_line"":5766,""target"":""zend_verify_recv_arg_type_helper"",""target_end_line"":5728,""target_start_line"":5717}],""extended"":[],""handler_style"":""ZEND_VM_HOT_HANDLER"",""op1"":[""NUM""],""op2"":[""UNUSED""],""spec"":[],""variants"":[{""condition"":""op->op2.num == MAY_BE_ANY"",""extended"":[],""handler_style"":""ZEND_VM_HOT_TYPE_SPEC_HANDLER"",""name"":""ZEND_RECV_NOTYPE"",""op1"":[""NUM""],""op2"":[""NUM""],""source_line"":5772,""spec"":[]}]}",none,conditional,never,never,never,The cited handler has no reference-specific path; ordinary zval operands may still be dereferenced only according to their declared handler forms.,never,never,both,runtime.misc,not_started,not_started,"[""exception""]","[""call_internal"",""read_memory"",""throw"",""write_memory""]","[""engine.exception"",""frame.args"",""frame.call_chain""]","[""engine.exception"",""frame.args""]","[""borrow""]","[""exception""]","[""contract.opcode_matrix"",""opcode.ZEND_RECV""]","[{""end_line"":5716,""path"":""Zend/zend_vm_def.h"",""start_line"":5707,""symbol"":""zend_missing_arg_helper""},{""end_line"":5728,""path"":""Zend/zend_vm_def.h"",""start_line"":5717,""symbol"":""zend_verify_recv_arg_type_helper""},{""end_line"":5771,""path"":""Zend/zend_vm_def.h"",""start_line"":5753,""symbol"":""ZEND_RECV""},{""end_line"":2546,""path"":""ext/opcache/jit/zend_jit.c"",""start_line"":2546,""symbol"":""ZEND_RECV""},{""end_line"":6196,""path"":""ext/opcache/jit/zend_jit_trace.c"",""start_line"":6196,""symbol"":""ZEND_RECV""}]","The cited VM handler and operand declaration provide the exception paths used for this conservative annotation; JIT status uses only cited compiler cases. Dispatched helper definitions (zend_missing_arg_helper, zend_verify_recv_arg_type_helper) are cited and included in the conservative effect union."
64,ZEND_RECV_INIT,"{""dispatches"":[],""extended"":[],""handler_style"":""ZEND_VM_HOT_HANDLER"",""op1"":[""NUM""],""op2"":[""CONST""],""spec"":[],""variants"":[]}",none,conditional,conditional,never,conditional,"The cited handler contains an explicit reference, indirect, dereference, or separation path; preserve alias identity and the listed ownership actions.",never,never,both,runtime.misc,not_started,not_started,"[""destructor"",""exception"",""reference""]","[""bailout"",""call_internal"",""read_memory"",""reenter_php"",""run_destructor"",""throw"",""write_memory""]","[""engine.exception"",""frame.args"",""frame.call_chain"",""heap.reference"",""heap.zval"",""runtime.cache""]","[""engine.exception"",""frame.args"",""frame.call_chain"",""heap.zval""]","[""borrow"",""canonicalize"",""conditional_destroy"",""copy_addref"",""move""]","[""bailout"",""destructor"",""exception"",""reentrancy"",""safepoint""]","[""contract.opcode_matrix"",""opcode.ZEND_RECV_INIT""]","[{""end_line"":5833,""path"":""Zend/zend_vm_def.h"",""start_line"":5784,""symbol"":""ZEND_RECV_INIT""},{""end_line"":2551,""path"":""ext/opcache/jit/zend_jit.c"",""start_line"":2551,""symbol"":""ZEND_RECV_INIT""},{""end_line"":6201,""path"":""ext/opcache/jit/zend_jit_trace.c"",""start_line"":6201,""symbol"":""ZEND_RECV_INIT""}]","The cited VM handler and operand declaration provide the exception, bailout, destructor, reference/indirect paths used for this conservative annotation; JIT status uses only cited compiler cases."
65,ZEND_SEND_VAL,"{""dispatches"":[],""extended"":[],""handler_style"":""ZEND_VM_HOT_HANDLER"",""op1"":[""CONST"",""TMPVAR""],""op2"":[""CONST"",""UNUSED"",""NUM""],""spec"":[],""variants"":[{""condition"":""op->op1_type == IS_CONST && op->op2_type == IS_UNUSED && !Z_REFCOUNTED_P(RT_CONSTANT(op, op->op1))"",""extended"":[],""handler_style"":""ZEND_VM_HOT_TYPE_SPEC_HANDLER"",""name"":""ZEND_SEND_VAL_SIMPLE"",""op1"":[""CONST""],""op2"":[""NUM""],""source_line"":10617,""spec"":[]}]}",none,conditional,conditional,never,conditional,The cited handler has no reference-specific path; ordinary zval operands may still be dereferenced only according to their declared handler forms.,never,never,both,runtime.misc,not_started,not_started,"[""destructor"",""exception""]","[""bailout"",""call_internal"",""read_memory"",""reenter_php"",""run_destructor"",""throw"",""write_memory""]","[""engine.exception"",""frame.args"",""frame.call_chain"",""frame.temps"",""heap.string"",""heap.zval"",""runtime.cache""]","[""engine.exception"",""frame.args"",""frame.call_chain"",""heap.zval""]","[""borrow"",""conditional_destroy"",""copy_addref"",""move""]","[""bailout"",""destructor"",""exception"",""reentrancy"",""safepoint""]","[""contract.opcode_matrix"",""opcode.ZEND_SEND_VAL""]","[{""end_line"":4928,""path"":""Zend/zend_vm_def.h"",""start_line"":4901,""symbol"":""ZEND_SEND_VAL""},{""end_line"":2091,""path"":""ext/opcache/jit/zend_jit.c"",""start_line"":2091,""symbol"":""ZEND_SEND_VAL""},{""end_line"":5305,""path"":""ext/opcache/jit/zend_jit_trace.c"",""start_line"":5305,""symbol"":""ZEND_SEND_VAL""}]","The cited VM handler and operand declaration provide the exception, bailout, destructor paths used for this conservative annotation; JIT status uses only cited compiler cases."
66,ZEND_SEND_VAR_EX,"{""dispatches"":[],""extended"":[],""handler_style"":""ZEND_VM_HOT_SEND_HANDLER"",""op1"":[""VAR"",""CV""],""op2"":[""CONST"",""UNUSED"",""NUM""],""spec"":[""QUICK_ARG""],""variants"":[{""condition"":""op->op2_type == IS_UNUSED && op->op2.num <= MAX_ARG_FLAG_NUM && (op1_info & (MAY_BE_UNDEF|MAY_BE_REF)) == 0"",""extended"":[],""handler_style"":""ZEND_VM_HOT_TYPE_SPEC_HANDLER"",""name"":""ZEND_SEND_VAR_EX_SIMPLE"",""op1"":[""CV"",""VAR""],""op2"":[""UNUSED"",""NUM""],""source_line"":10595,""spec"":[]}]}",none,conditional,conditional,never,conditional,"The cited handler contains an explicit reference, indirect, dereference, or separation path; preserve alias identity and the listed ownership actions.",never,never,both,runtime.reference,not_started,not_started,"[""destructor"",""exception"",""reference""]","[""bailout"",""call_internal"",""read_memory"",""reenter_php"",""run_destructor"",""throw"",""write_memory""]","[""engine.exception"",""frame.args"",""frame.call_chain"",""frame.locals"",""frame.temps"",""heap.reference"",""heap.string"",""heap.zval"",""runtime.cache""]","[""engine.exception"",""frame.args"",""frame.call_chain"",""heap.zval""]","[""borrow"",""canonicalize"",""conditional_destroy"",""copy_addref"",""move""]","[""bailout"",""destructor"",""exception"",""reentrancy"",""safepoint""]","[""contract.opcode_matrix"",""opcode.ZEND_SEND_VAR_EX""]","[{""end_line"":5219,""path"":""Zend/zend_vm_def.h"",""start_line"":5154,""symbol"":""ZEND_SEND_VAR_EX""},{""end_line"":2117,""path"":""ext/opcache/jit/zend_jit.c"",""start_line"":2117,""symbol"":""ZEND_SEND_VAR_EX""},{""end_line"":5348,""path"":""ext/opcache/jit/zend_jit_trace.c"",""start_line"":5348,""symbol"":""ZEND_SEND_VAR_EX""}]","The cited VM handler and operand declaration provide the exception, bailout, destructor, reference/indirect paths used for this conservative annotation; JIT status uses only cited compiler cases."
67,ZEND_SEND_REF,"{""dispatches"":[],""extended"":[],""handler_style"":""ZEND_VM_HANDLER"",""op1"":[""VAR"",""CV""],""op2"":[""CONST"",""UNUSED"",""NUM""],""spec"":[],""variants"":[]}",none,conditional,conditional,never,conditional,"The cited handler contains an explicit reference, indirect, dereference, or separation path; preserve alias identity and the listed ownership actions.",never,never,both,runtime.reference,not_started,not_started,"[""destructor"",""exception"",""reference""]","[""bailout"",""call_internal"",""read_memory"",""reenter_php"",""run_destructor"",""throw"",""write_memory""]","[""engine.exception"",""frame.args"",""frame.call_chain"",""frame.locals"",""frame.temps"",""heap.reference"",""heap.string"",""heap.zval"",""runtime.cache""]","[""engine.exception"",""frame.args"",""frame.call_chain"",""heap.zval""]","[""borrow"",""canonicalize"",""conditional_destroy""]","[""bailout"",""destructor"",""exception"",""reentrancy"",""safepoint""]","[""contract.opcode_matrix"",""opcode.ZEND_SEND_REF""]","[{""end_line"":5153,""path"":""Zend/zend_vm_def.h"",""start_line"":5124,""symbol"":""ZEND_SEND_REF""},{""end_line"":2106,""path"":""ext/opcache/jit/zend_jit.c"",""start_line"":2106,""symbol"":""ZEND_SEND_REF""},{""end_line"":5332,""path"":""ext/opcache/jit/zend_jit_trace.c"",""start_line"":5332,""symbol"":""ZEND_SEND_REF""}]","The cited VM handler and operand declaration provide the exception, bailout, destructor, reference/indirect paths used for this conservative annotation; JIT status uses only cited compiler cases."
68,ZEND_NEW,"{""dispatches"":[],""extended"":[""NUM""],""handler_style"":""ZEND_VM_HANDLER"",""op1"":[""UNUSED"",""CLASS_FETCH"",""CONST"",""VAR""],""op2"":[""UNUSED"",""CACHE_SLOT""],""spec"":[],""variants"":[]}",temporary,conditional,conditional,conditional,never,The cited handler has no reference-specific path; ordinary zval operands may still be dereferenced only according to their declared handler forms.,never,never,partial,runtime.object,not_started,not_started,"[""exception"",""zts""]","[""allocate"",""bailout"",""call_internal"",""call_php"",""read_memory"",""reenter_php"",""throw"",""write_memory""]","[""engine.class_table"",""engine.exception"",""frame.call_chain"",""frame.temps"",""heap.object"",""heap.zval"",""runtime.cache""]","[""engine.exception"",""frame.call_chain"",""frame.temps"",""gc.metadata"",""heap.zval""]","[""produce_owned""]","[""bailout"",""exception"",""reentrancy"",""safepoint""]","[""contract.opcode_matrix"",""opcode.ZEND_NEW""]","[{""end_line"":6070,""path"":""Zend/zend_vm_def.h"",""start_line"":6002,""symbol"":""ZEND_NEW""},{""end_line"":278,""path"":""ext/opcache/jit/zend_jit.c"",""start_line"":278,""symbol"":""ZEND_NEW""}]","The cited VM handler and operand declaration provide the exception, bailout, PHP-call/reentrancy, allocation, ZTS executor-global paths used for this conservative annotation; JIT status uses only cited compiler cases."
69,ZEND_INIT_NS_FCALL_BY_NAME,"{""dispatches"":[{""kind"":""helper"",""source_line"":4062,""target"":""zend_undefined_function_helper"",""target_end_line"":1006,""target_start_line"":996}],""extended"":[""NUM"",""CACHE_SLOT""],""handler_style"":""ZEND_VM_HOT_HANDLER"",""op1"":[""ANY""],""op2"":[""CONST""],""spec"":[],""variants"":[]}",call_frame,conditional,never,never,never,The cited handler has no reference-specific path; ordinary zval operands may still be dereferenced only according to their declared handler forms.,never,never,both,call.dynamic,not_started,not_started,"[""call"",""exception"",""zts""]","[""allocate"",""call_internal"",""read_memory"",""throw"",""write_memory""]","[""engine.exception"",""engine.function_table"",""frame.args"",""frame.call_chain"",""heap.array"",""heap.string"",""runtime.cache""]","[""engine.exception"",""frame.call_chain"",""gc.metadata"",""heap.string"",""heap.zval""]","[""transfer""]","[""exception"",""safepoint""]","[""contract.opcode_matrix"",""opcode.ZEND_INIT_NS_FCALL_BY_NAME""]","[{""end_line"":1006,""path"":""Zend/zend_vm_def.h"",""start_line"":996,""symbol"":""zend_undefined_function_helper""},{""end_line"":4079,""path"":""Zend/zend_vm_def.h"",""start_line"":4047,""symbol"":""ZEND_INIT_NS_FCALL_BY_NAME""},{""end_line"":2086,""path"":""ext/opcache/jit/zend_jit.c"",""start_line"":2086,""symbol"":""ZEND_INIT_NS_FCALL_BY_NAME""},{""end_line"":5299,""path"":""ext/opcache/jit/zend_jit_trace.c"",""start_line"":5299,""symbol"":""ZEND_INIT_NS_FCALL_BY_NAME""}]","The cited VM handler and operand declaration provide the exception, allocation, ZTS executor-global paths used for this conservative annotation; JIT status uses only cited compiler cases. Dispatched helper definitions (zend_undefined_function_helper) are cited and included in the conservative effect union."
70,ZEND_FREE,"{""dispatches"":[],""extended"":[],""handler_style"":""ZEND_VM_HANDLER"",""op1"":[""TMPVAR""],""op2"":[""LOOP_END""],""spec"":[],""variants"":[]}",none,conditional,conditional,never,conditional,The cited handler has no reference-specific path; ordinary zval operands may still be dereferenced only according to their declared handler forms.,never,never,both,runtime.misc,not_started,not_started,"[""destructor"",""exception""]","[""bailout"",""read_memory"",""reenter_php"",""run_destructor"",""throw"",""write_memory""]","[""engine.exception"",""frame.call_chain"",""frame.temps"",""heap.zval""]","[""engine.exception"",""frame.call_chain"",""heap.zval""]","[""borrow"",""conditional_destroy""]","[""bailout"",""destructor"",""exception"",""reentrancy"",""safepoint""]","[""contract.opcode_matrix"",""opcode.ZEND_FREE""]","[{""end_line"":3282,""path"":""Zend/zend_vm_def.h"",""start_line"":3274,""symbol"":""ZEND_FREE""},{""end_line"":2558,""path"":""ext/opcache/jit/zend_jit.c"",""start_line"":2558,""symbol"":""ZEND_FREE""},{""end_line"":6220,""path"":""ext/opcache/jit/zend_jit_trace.c"",""start_line"":6220,""symbol"":""ZEND_FREE""}]","The cited VM handler and operand declaration provide the exception, bailout, destructor paths used for this conservative annotation; JIT status uses only cited compiler cases."
71,ZEND_INIT_ARRAY,"{""dispatches"":[{""kind"":""handler"",""source_line"":6549,""target"":""ZEND_ADD_ARRAY_ELEMENT"",""target_end_line"":6394,""target_start_line"":6285}],""extended"":[""ARRAY_INIT"",""REF""],""handler_style"":""ZEND_VM_HANDLER"",""op1"":[""CONST"",""TMP"",""VAR"",""CV"",""UNUSED""],""op2"":[""CONST"",""TMP"",""UNUSED"",""NEXT"",""CV""],""spec"":[],""variants"":[]}",temporary,conditional,conditional,never,conditional,The cited dispatched handler carries the target opcode's reference and indirect-zval semantics.,never,never,none,runtime.array,not_started,not_started,"[""destructor"",""exception"",""reference"",""zts""]","[""allocate"",""bailout"",""call_internal"",""read_memory"",""reenter_php"",""run_destructor"",""throw"",""write_memory""]","[""engine.exception"",""frame.call_chain"",""frame.locals"",""frame.temps"",""heap.array"",""heap.reference"",""heap.string"",""heap.zval""]","[""engine.exception"",""frame.call_chain"",""frame.temps"",""gc.metadata"",""heap.reference"",""heap.zval""]","[""canonicalize"",""conditional_destroy"",""copy_addref"",""move"",""produce_owned""]","[""bailout"",""destructor"",""exception"",""reentrancy"",""safepoint""]","[""contract.opcode_matrix"",""opcode.ZEND_INIT_ARRAY""]","[{""end_line"":6394,""path"":""Zend/zend_vm_def.h"",""start_line"":6285,""symbol"":""ZEND_ADD_ARRAY_ELEMENT""},{""end_line"":6555,""path"":""Zend/zend_vm_def.h"",""start_line"":6534,""symbol"":""ZEND_INIT_ARRAY""}]",The cited VM handler and operand declaration provide the allocation paths used for this conservative annotation; JIT status uses only cited compiler cases. Dispatched handler definitions (ZEND_ADD_ARRAY_ELEMENT) are cited and included in the conservative effect union.
72,ZEND_ADD_ARRAY_ELEMENT,"{""dispatches"":[],""extended"":[""REF""],""handler_style"":""ZEND_VM_HANDLER"",""op1"":[""CONST"",""TMP"",""VAR"",""CV""],""op2"":[""CONST"",""TMP"",""UNUSED"",""NEXT"",""CV""],""spec"":[],""variants"":[]}",temporary,conditional,conditional,never,conditional,"The cited handler contains an explicit reference, indirect, dereference, or separation path; preserve alias identity and the listed ownership actions.",never,never,none,runtime.reference,not_started,not_started,"[""destructor"",""exception"",""reference"",""zts""]","[""bailout"",""call_internal"",""read_memory"",""reenter_php"",""run_destructor"",""throw"",""write_memory""]","[""engine.exception"",""frame.call_chain"",""frame.locals"",""frame.temps"",""heap.array"",""heap.reference"",""heap.string"",""heap.zval""]","[""engine.exception"",""frame.call_chain"",""frame.temps"",""heap.reference"",""heap.zval""]","[""canonicalize"",""conditional_destroy"",""copy_addref"",""move"",""produce_owned""]","[""bailout"",""destructor"",""exception"",""reentrancy"",""safepoint""]","[""contract.opcode_matrix"",""opcode.ZEND_ADD_ARRAY_ELEMENT""]","[{""end_line"":6394,""path"":""Zend/zend_vm_def.h"",""start_line"":6285,""symbol"":""ZEND_ADD_ARRAY_ELEMENT""}]","The cited VM handler and operand declaration provide the exception, bailout, destructor, reference/indirect, ZTS executor-global paths used for this conservative annotation; JIT status uses only cited compiler cases."
73,ZEND_INCLUDE_OR_EVAL,"{""dispatches"":[],""extended"":[""EVAL""],""handler_style"":""ZEND_VM_HANDLER"",""op1"":[""CONST"",""TMP"",""CV""],""op2"":[""ANY""],""spec"":[""OBSERVER""],""variants"":[]}",temporary,conditional,conditional,conditional,conditional,The cited handler has no reference-specific path; ordinary zval operands may still be dereferenced only according to their declared handler forms.,conditional,never,partial,call.dynamic,not_started,not_started,"[""call"",""destructor"",""exception"",""external_io"",""observer"",""zts""]","[""allocate"",""bailout"",""call_internal"",""call_php"",""external_io"",""observe_frame"",""read_memory"",""reenter_php"",""run_destructor"",""throw"",""write_memory""]","[""engine.exception"",""engine.observer"",""external.state"",""frame.args"",""frame.call_chain"",""frame.locals"",""frame.temps"",""heap.zval"",""runtime.symbol_table""]","[""engine.exception"",""external.state"",""frame.call_chain"",""frame.temps"",""gc.metadata"",""heap.zval""]","[""conditional_destroy"",""copy_addref"",""produce_owned""]","[""bailout"",""destructor"",""exception"",""observer"",""reentrancy"",""safepoint""]","[""contract.opcode_matrix"",""opcode.ZEND_INCLUDE_OR_EVAL""]","[{""end_line"":6687,""path"":""Zend/zend_vm_def.h"",""start_line"":6605,""symbol"":""ZEND_INCLUDE_OR_EVAL""},{""end_line"":2809,""path"":""ext/opcache/jit/zend_jit.c"",""start_line"":2809,""symbol"":""ZEND_INCLUDE_OR_EVAL""}]","The cited VM handler and operand declaration provide the exception, bailout, PHP-call/reentrancy, destructor, observer, allocation, ZTS executor-global paths used for this conservative annotation; JIT status uses only cited compiler cases."
74,ZEND_UNSET_VAR,"{""dispatches"":[],""extended"":[""VAR_FETCH""],""handler_style"":""ZEND_VM_HANDLER"",""op1"":[""CONST"",""TMPVAR"",""CV""],""op2"":[""UNUSED""],""spec"":[],""variants"":[]}",none,conditional,conditional,never,conditional,The cited handler has no reference-specific path; ordinary zval operands may still be dereferenced only according to their declared handler forms.,never,never,partial,runtime.variable,not_started,not_started,"[""destructor"",""exception""]","[""bailout"",""call_internal"",""read_memory"",""reenter_php"",""run_destructor"",""throw"",""write_memory""]","[""engine.exception"",""frame.call_chain"",""frame.locals"",""frame.temps"",""heap.array"",""heap.string"",""heap.zval"",""runtime.symbol_table""]","[""engine.exception"",""frame.call_chain"",""frame.locals"",""heap.zval""]","[""borrow"",""conditional_destroy""]","[""bailout"",""destructor"",""exception"",""reentrancy"",""safepoint""]","[""contract.opcode_matrix"",""opcode.ZEND_UNSET_VAR""]","[{""end_line"":6743,""path"":""Zend/zend_vm_def.h"",""start_line"":6706,""symbol"":""ZEND_UNSET_VAR""},{""end_line"":1393,""path"":""ext/opcache/jit/zend_jit_trace.c"",""start_line"":1393,""symbol"":""ZEND_UNSET_VAR""}]","The cited VM handler and operand declaration provide the exception, bailout, destructor paths used for this conservative annotation; JIT status uses only cited compiler cases."
75,ZEND_UNSET_DIM,"{""dispatches"":[],""extended"":[],""handler_style"":""ZEND_VM_HANDLER"",""op1"":[""VAR"",""CV""],""op2"":[""CONST"",""TMP"",""CV""],""spec"":[],""variants"":[]}",none,conditional,conditional,conditional,conditional,"The cited handler contains an explicit reference, indirect, dereference, or separation path; preserve alias identity and the listed ownership actions.",never,never,partial,runtime.reference,not_started,not_started,"[""destructor"",""exception"",""reference"",""zts""]","[""bailout"",""call_internal"",""call_php"",""read_memory"",""reenter_php"",""run_destructor"",""throw"",""write_memory""]","[""engine.exception"",""frame.call_chain"",""frame.locals"",""frame.temps"",""heap.array"",""heap.object"",""heap.reference"",""heap.string"",""heap.zval"",""runtime.symbol_table""]","[""engine.exception"",""frame.call_chain"",""frame.locals"",""heap.zval""]","[""borrow"",""canonicalize"",""conditional_destroy"",""cow_separate""]","[""bailout"",""destructor"",""exception"",""reentrancy"",""safepoint""]","[""contract.opcode_matrix"",""opcode.ZEND_UNSET_DIM""]","[{""end_line"":6897,""path"":""Zend/zend_vm_def.h"",""start_line"":6796,""symbol"":""ZEND_UNSET_DIM""},{""end_line"":948,""path"":""ext/opcache/jit/zend_jit_vm_helpers.c"",""start_line"":948,""symbol"":""ZEND_UNSET_DIM""}]","The cited VM handler and operand declaration provide the exception, bailout, PHP-call/reentrancy, destructor, reference/indirect, ZTS executor-global paths used for this conservative annotation; JIT status uses only cited compiler cases."
76,ZEND_UNSET_OBJ,"{""dispatches"":[],""extended"":[""CACHE_SLOT""],""handler_style"":""ZEND_VM_HANDLER"",""op1"":[""VAR"",""UNUSED"",""THIS"",""CV""],""op2"":[""CONST"",""TMP"",""CV""],""spec"":[],""variants"":[]}",none,conditional,conditional,conditional,conditional,"The cited handler contains an explicit reference, indirect, dereference, or separation path; preserve alias identity and the listed ownership actions.",never,never,partial,runtime.object,not_started,not_started,"[""destructor"",""exception"",""reference""]","[""bailout"",""call_internal"",""call_php"",""read_memory"",""reenter_php"",""run_destructor"",""throw"",""write_memory""]","[""engine.exception"",""frame.call_chain"",""frame.locals"",""frame.temps"",""heap.object"",""heap.reference"",""heap.string"",""heap.zval"",""runtime.cache""]","[""engine.exception"",""frame.call_chain"",""frame.locals"",""heap.zval""]","[""borrow"",""canonicalize"",""conditional_destroy""]","[""bailout"",""destructor"",""exception"",""reentrancy"",""safepoint""]","[""contract.opcode_matrix"",""opcode.ZEND_UNSET_OBJ""]","[{""end_line"":6942,""path"":""Zend/zend_vm_def.h"",""start_line"":6898,""symbol"":""ZEND_UNSET_OBJ""},{""end_line"":1009,""path"":""ext/opcache/jit/zend_jit_vm_helpers.c"",""start_line"":1009,""symbol"":""ZEND_UNSET_OBJ""}]","The cited VM handler and operand declaration provide the exception, bailout, PHP-call/reentrancy, destructor, reference/indirect paths used for this conservative annotation; JIT status uses only cited compiler cases."
77,ZEND_FE_RESET_R,"{""dispatches"":[],""extended"":[],""handler_style"":""ZEND_VM_HANDLER"",""op1"":[""CONST"",""TMP"",""CV""],""op2"":[""JMP_ADDR""],""spec"":[],""variants"":[]}",temporary,conditional,conditional,conditional,conditional,"The cited handler contains an explicit reference, indirect, dereference, or separation path; preserve alias identity and the listed ownership actions.",never,conditional,both,runtime.array,not_started,not_started,"[""destructor"",""exception"",""interrupt"",""reference"",""zts""]","[""bailout"",""call_internal"",""call_php"",""interrupt_boundary"",""read_memory"",""reenter_php"",""run_destructor"",""throw"",""write_memory""]","[""engine.exception"",""engine.interrupt"",""frame.call_chain"",""frame.locals"",""frame.temps"",""heap.array"",""heap.object"",""heap.reference"",""heap.zval""]","[""engine.exception"",""engine.interrupt"",""frame.call_chain"",""frame.temps"",""heap.reference"",""heap.zval""]","[""canonicalize"",""conditional_destroy"",""copy_addref"",""cow_separate"",""move"",""produce_owned""]","[""bailout"",""destructor"",""exception"",""interrupt"",""reentrancy"",""safepoint""]","[""contract.opcode_matrix"",""opcode.ZEND_FE_RESET_R""]","[{""end_line"":4376,""path"":""Zend/zend_execute.c"",""start_line"":4340,""symbol"":""vm_interrupt""},{""end_line"":7019,""path"":""Zend/zend_vm_def.h"",""start_line"":6943,""symbol"":""ZEND_FE_RESET_R""},{""end_line"":2625,""path"":""ext/opcache/jit/zend_jit.c"",""start_line"":2625,""symbol"":""ZEND_FE_RESET_R""},{""end_line"":6324,""path"":""ext/opcache/jit/zend_jit_trace.c"",""start_line"":6324,""symbol"":""ZEND_FE_RESET_R""}]","The cited VM handler and operand declaration provide the exception, bailout, PHP-call/reentrancy, destructor, interrupt, reference/indirect, ZTS executor-global paths used for this conservative annotation; JIT status uses only cited compiler cases."
78,ZEND_FE_FETCH_R,"{""dispatches"":[{""kind"":""helper"",""source_line"":7252,""target"":""zend_fe_fetch_object_helper"",""target_end_line"":7240,""target_start_line"":7119}],""extended"":[""JMP_ADDR""],""handler_style"":""ZEND_VM_HOT_HANDLER"",""op1"":[""TMP""],""op2"":[""ANY""],""spec"":[],""variants"":[{""condition"":""op->op2_type == IS_CV && (op1_info & (MAY_BE_ANY|MAY_BE_REF)) == MAY_BE_ARRAY"",""extended"":[""JMP_ADDR""],""handler_style"":""ZEND_VM_HOT_TYPE_SPEC_HANDLER"",""name"":""ZEND_FE_FETCH_R_SIMPLE"",""op1"":[""VAR""],""op2"":[""CV""],""source_line"":10643,""spec"":[""RETVAL""]}]}",temporary,conditional,never,never,never,"The cited handler contains an explicit reference, indirect, dereference, or separation path; preserve alias identity and the listed ownership actions.",never,never,both,runtime.array,not_started,not_started,"[""exception"",""reference""]","[""call_internal"",""read_memory"",""throw"",""write_memory""]","[""engine.exception"",""frame.temps"",""heap.array"",""heap.object"",""heap.reference""]","[""engine.exception"",""frame.temps"",""heap.object"",""heap.reference""]","[""borrow"",""canonicalize"",""copy_addref"",""move"",""produce_owned""]","[""exception""]","[""contract.opcode_matrix"",""opcode.ZEND_FE_FETCH_R""]","[{""end_line"":7240,""path"":""Zend/zend_vm_def.h"",""start_line"":7119,""symbol"":""zend_fe_fetch_object_helper""},{""end_line"":7324,""path"":""Zend/zend_vm_def.h"",""start_line"":7241,""symbol"":""ZEND_FE_FETCH_R""},{""end_line"":2634,""path"":""ext/opcache/jit/zend_jit.c"",""start_line"":2634,""symbol"":""ZEND_FE_FETCH_R""},{""end_line"":6334,""path"":""ext/opcache/jit/zend_jit_trace.c"",""start_line"":6334,""symbol"":""ZEND_FE_FETCH_R""}]","The cited VM handler and operand declaration provide the exception, reference/indirect paths used for this conservative annotation; JIT status uses only cited compiler cases. Dispatched helper definitions (zend_fe_fetch_object_helper) are cited and included in the conservative effect union."
80,ZEND_FETCH_R,"{""dispatches"":[{""kind"":""helper"",""source_line"":1826,""target"":""zend_fetch_var_address_helper"",""target_end_line"":1823,""target_start_line"":1723}],""extended"":[""VAR_FETCH""],""handler_style"":""ZEND_VM_HANDLER"",""op1"":[""CONST"",""TMP"",""CV""],""op2"":[""UNUSED""],""spec"":[],""variants"":[]}",temporary,conditional,never,never,conditional,The cited handler has no reference-specific path; ordinary zval operands may still be dereferenced only according to their declared handler forms.,never,never,partial,runtime.variable,not_started,not_started,"[""destructor"",""exception"",""reference""]","[""call_internal"",""read_memory"",""run_destructor"",""throw"",""write_memory""]","[""engine.exception"",""frame.locals"",""frame.temps"",""heap.reference"",""heap.string"",""heap.zval"",""runtime.symbol_table""]","[""engine.exception"",""frame.temps"",""gc.metadata"",""heap.string"",""heap.zval""]","[""borrow"",""canonicalize"",""conditional_destroy"",""copy_addref"",""produce_owned""]","[""destructor"",""exception""]","[""contract.opcode_matrix"",""opcode.ZEND_FETCH_R""]","[{""end_line"":1823,""path"":""Zend/zend_vm_def.h"",""start_line"":1723,""symbol"":""zend_fetch_var_address_helper""},{""end_line"":1828,""path"":""Zend/zend_vm_def.h"",""start_line"":1824,""symbol"":""ZEND_FETCH_R""},{""end_line"":1387,""path"":""ext/opcache/jit/zend_jit_trace.c"",""start_line"":1387,""symbol"":""ZEND_FETCH_R""}]",The cited VM handler and operand declaration provide the exception paths used for this conservative annotation; JIT status uses only cited compiler cases. Dispatched helper definitions (zend_fetch_var_address_helper) are cited and included in the conservative effect union.
81,ZEND_FETCH_DIM_R,"{""dispatches"":[],""extended"":[],""handler_style"":""ZEND_VM_COLD_CONSTCONST_HANDLER"",""op1"":[""CONST"",""TMPVAR"",""CV""],""op2"":[""CONST"",""TMP"",""CV""],""spec"":[],""variants"":[{""condition"":""(!(op2_info & (MAY_BE_UNDEF|MAY_BE_NULL|MAY_BE_STRING|MAY_BE_ARRAY|MAY_BE_OBJECT|MAY_BE_RESOURCE|MAY_BE_REF)))"",""extended"":[],""handler_style"":""ZEND_VM_HOT_TYPE_SPEC_HANDLER"",""name"":""ZEND_FETCH_DIM_R_INDEX"",""op1"":[""CONST"",""TMPVAR"",""CV""],""op2"":[""CONST"",""TMPVARCV""],""source_line"":10523,""spec"":[""NO_CONST_CONST""]}]}",temporary,conditional,conditional,never,conditional,"The cited handler contains an explicit reference, indirect, dereference, or separation path; preserve alias identity and the listed ownership actions.",never,never,both,runtime.reference,not_started,not_started,"[""destructor"",""exception"",""reference""]","[""bailout"",""call_internal"",""read_memory"",""reenter_php"",""run_destructor"",""throw"",""write_memory""]","[""engine.exception"",""frame.call_chain"",""frame.locals"",""frame.temps"",""heap.array"",""heap.reference"",""heap.zval""]","[""engine.exception"",""frame.call_chain"",""frame.temps"",""heap.reference"",""heap.zval""]","[""canonicalize"",""conditional_destroy"",""copy_addref"",""move"",""produce_owned""]","[""bailout"",""destructor"",""exception"",""reentrancy"",""safepoint""]","[""contract.opcode_matrix"",""opcode.ZEND_FETCH_DIM_R""]","[{""end_line"":1970,""path"":""Zend/zend_vm_def.h"",""start_line"":1932,""symbol"":""ZEND_FETCH_DIM_R""},{""end_line"":2393,""path"":""ext/opcache/jit/zend_jit.c"",""start_line"":2393,""symbol"":""ZEND_FETCH_DIM_R""},{""end_line"":5854,""path"":""ext/opcache/jit/zend_jit_trace.c"",""start_line"":5854,""symbol"":""ZEND_FETCH_DIM_R""}]","The cited VM handler and operand declaration provide the exception, bailout, destructor, reference/indirect paths used for this conservative annotation; JIT status uses only cited compiler cases."
82,ZEND_FETCH_OBJ_R,"{""dispatches"":[],""extended"":[""CACHE_SLOT""],""handler_style"":""ZEND_VM_HOT_OBJ_HANDLER"",""op1"":[""CONST"",""TMPVAR"",""UNUSED"",""THIS"",""CV""],""op2"":[""CONST"",""TMP"",""CV""],""spec"":[],""variants"":[]}",temporary,conditional,conditional,conditional,conditional,"The cited handler contains an explicit reference, indirect, dereference, or separation path; preserve alias identity and the listed ownership actions.",conditional,never,both,runtime.reference,not_started,not_started,"[""destructor"",""exception"",""observer"",""reference"",""zts""]","[""allocate"",""bailout"",""call_internal"",""call_php"",""observe_frame"",""read_memory"",""reenter_php"",""run_destructor"",""throw"",""write_memory""]","[""engine.exception"",""engine.observer"",""frame.call_chain"",""frame.locals"",""frame.temps"",""heap.array"",""heap.object"",""heap.reference"",""heap.string"",""heap.zval"",""runtime.cache""]","[""engine.exception"",""frame.call_chain"",""frame.temps"",""gc.metadata"",""heap.reference"",""heap.zval""]","[""canonicalize"",""conditional_destroy"",""copy_addref"",""move"",""produce_owned""]","[""bailout"",""destructor"",""exception"",""observer"",""reentrancy"",""safepoint""]","[""contract.opcode_matrix"",""opcode.ZEND_FETCH_OBJ_R""]","[{""end_line"":2252,""path"":""Zend/zend_vm_def.h"",""start_line"":2080,""symbol"":""ZEND_FETCH_OBJ_R""},{""end_line"":2456,""path"":""ext/opcache/jit/zend_jit.c"",""start_line"":2456,""symbol"":""ZEND_FETCH_OBJ_R""},{""end_line"":6061,""path"":""ext/opcache/jit/zend_jit_trace.c"",""start_line"":6061,""symbol"":""ZEND_FETCH_OBJ_R""}]","The cited VM handler and operand declaration provide the exception, bailout, PHP-call/reentrancy, destructor, observer, allocation, reference/indirect, ZTS executor-global paths used for this conservative annotation; JIT status uses only cited compiler cases."
83,ZEND_FETCH_W,"{""dispatches"":[{""kind"":""helper"",""source_line"":1831,""target"":""zend_fetch_var_address_helper"",""target_end_line"":1823,""target_start_line"":1723}],""extended"":[""VAR_FETCH""],""handler_style"":""ZEND_VM_HANDLER"",""op1"":[""CONST"",""TMP"",""CV""],""op2"":[""UNUSED""],""spec"":[],""variants"":[]}",temporary,conditional,never,never,conditional,The cited handler has no reference-specific path; ordinary zval operands may still be dereferenced only according to their declared handler forms.,never,never,partial,runtime.variable,not_started,not_started,"[""destructor"",""exception"",""reference""]","[""call_internal"",""read_memory"",""run_destructor"",""throw"",""write_memory""]","[""engine.exception"",""frame.locals"",""frame.temps"",""heap.reference"",""heap.string"",""heap.zval"",""runtime.symbol_table""]","[""engine.exception"",""frame.temps"",""gc.metadata"",""heap.string"",""heap.zval""]","[""borrow"",""canonicalize"",""conditional_destroy"",""copy_addref"",""produce_owned""]","[""destructor"",""exception""]","[""contract.opcode_matrix"",""opcode.ZEND_FETCH_W""]","[{""end_line"":1823,""path"":""Zend/zend_vm_def.h"",""start_line"":1723,""symbol"":""zend_fetch_var_address_helper""},{""end_line"":1833,""path"":""Zend/zend_vm_def.h"",""start_line"":1829,""symbol"":""ZEND_FETCH_W""},{""end_line"":1388,""path"":""ext/opcache/jit/zend_jit_trace.c"",""start_line"":1388,""symbol"":""ZEND_FETCH_W""}]",The cited VM handler and operand declaration provide the exception paths used for this conservative annotation; JIT status uses only cited compiler cases. Dispatched helper definitions (zend_fetch_var_address_helper) are cited and included in the conservative effect union.
84,ZEND_FETCH_DIM_W,"{""dispatches"":[],""extended"":[],""handler_style"":""ZEND_VM_HANDLER"",""op1"":[""VAR"",""CV""],""op2"":[""CONST"",""TMP"",""UNUSED"",""NEXT"",""CV""],""spec"":[],""variants"":[]}",temporary,conditional,conditional,never,conditional,The cited handler has no reference-specific path; ordinary zval operands may still be dereferenced only according to their declared handler forms.,never,never,both,runtime.array,not_started,not_started,"[""destructor"",""exception""]","[""bailout"",""call_internal"",""read_memory"",""reenter_php"",""run_destructor"",""throw"",""write_memory""]","[""engine.exception"",""frame.call_chain"",""frame.locals"",""frame.temps"",""heap.array"",""heap.zval""]","[""engine.exception"",""frame.call_chain"",""frame.temps"",""heap.zval""]","[""conditional_destroy"",""produce_owned""]","[""bailout"",""destructor"",""exception"",""reentrancy"",""safepoint""]","[""contract.opcode_matrix"",""opcode.ZEND_FETCH_DIM_W""]","[{""end_line"":1985,""path"":""Zend/zend_vm_def.h"",""start_line"":1971,""symbol"":""ZEND_FETCH_DIM_W""},{""end_line"":2406,""path"":""ext/opcache/jit/zend_jit.c"",""start_line"":2406,""symbol"":""ZEND_FETCH_DIM_W""},{""end_line"":5911,""path"":""ext/opcache/jit/zend_jit_trace.c"",""start_line"":5911,""symbol"":""ZEND_FETCH_DIM_W""}]","The cited VM handler and operand declaration provide the exception, bailout, destructor paths used for this conservative annotation; JIT status uses only cited compiler cases."
85,ZEND_FETCH_OBJ_W,"{""dispatches"":[],""extended"":[""FETCH_REF"",""DIM_WRITE"",""CACHE_SLOT""],""handler_style"":""ZEND_VM_HANDLER"",""op1"":[""VAR"",""UNUSED"",""THIS"",""CV""],""op2"":[""CONST"",""TMP"",""CV""],""spec"":[],""variants"":[]}",temporary,conditional,conditional,never,conditional,The cited handler has no reference-specific path; ordinary zval operands may still be dereferenced only according to their declared handler forms.,never,never,both,runtime.object,not_started,not_started,"[""destructor"",""exception""]","[""bailout"",""call_internal"",""read_memory"",""reenter_php"",""run_destructor"",""throw"",""write_memory""]","[""engine.exception"",""frame.call_chain"",""frame.locals"",""frame.temps"",""heap.object"",""heap.zval"",""runtime.cache""]","[""engine.exception"",""frame.call_chain"",""frame.temps"",""heap.zval""]","[""conditional_destroy"",""produce_owned""]","[""bailout"",""destructor"",""exception"",""reentrancy"",""safepoint""]","[""contract.opcode_matrix"",""opcode.ZEND_FETCH_OBJ_W""]","[{""end_line"":2273,""path"":""Zend/zend_vm_def.h"",""start_line"":2253,""symbol"":""ZEND_FETCH_OBJ_W""},{""end_line"":2458,""path"":""ext/opcache/jit/zend_jit.c"",""start_line"":2458,""symbol"":""ZEND_FETCH_OBJ_W""},{""end_line"":6063,""path"":""ext/opcache/jit/zend_jit_trace.c"",""start_line"":6063,""symbol"":""ZEND_FETCH_OBJ_W""}]","The cited VM handler and operand declaration provide the exception, bailout, destructor paths used for this conservative annotation; JIT status uses only cited compiler cases."
86,ZEND_FETCH_RW,"{""dispatches"":[{""kind"":""helper"",""source_line"":1836,""target"":""zend_fetch_var_address_helper"",""target_end_line"":1823,""target_start_line"":1723}],""extended"":[""VAR_FETCH""],""handler_style"":""ZEND_VM_HANDLER"",""op1"":[""CONST"",""TMP"",""CV""],""op2"":[""UNUSED""],""spec"":[],""variants"":[]}",temporary,conditional,never,never,conditional,The cited handler has no reference-specific path; ordinary zval operands may still be dereferenced only according to their declared handler forms.,never,never,partial,runtime.variable,not_started,not_started,"[""destructor"",""exception"",""reference""]","[""call_internal"",""read_memory"",""run_destructor"",""throw"",""write_memory""]","[""engine.exception"",""frame.locals"",""frame.temps"",""heap.reference"",""heap.string"",""heap.zval"",""runtime.symbol_table""]","[""engine.exception"",""frame.temps"",""gc.metadata"",""heap.string"",""heap.zval""]","[""borrow"",""canonicalize"",""conditional_destroy"",""copy_addref"",""produce_owned""]","[""destructor"",""exception""]","[""contract.opcode_matrix"",""opcode.ZEND_FETCH_RW""]","[{""end_line"":1823,""path"":""Zend/zend_vm_def.h"",""start_line"":1723,""symbol"":""zend_fetch_var_address_helper""},{""end_line"":1838,""path"":""Zend/zend_vm_def.h"",""start_line"":1834,""symbol"":""ZEND_FETCH_RW""},{""end_line"":1389,""path"":""ext/opcache/jit/zend_jit_trace.c"",""start_line"":1389,""symbol"":""ZEND_FETCH_RW""}]",The cited VM handler and operand declaration provide the exception paths used for this conservative annotation; JIT status uses only cited compiler cases. Dispatched helper definitions (zend_fetch_var_address_helper) are cited and included in the conservative effect union.
87,ZEND_FETCH_DIM_RW,"{""dispatches"":[],""extended"":[],""handler_style"":""ZEND_VM_HANDLER"",""op1"":[""VAR"",""CV""],""op2"":[""CONST"",""TMP"",""UNUSED"",""NEXT"",""CV""],""spec"":[],""variants"":[]}",temporary,conditional,conditional,never,conditional,The cited handler has no reference-specific path; ordinary zval operands may still be dereferenced only according to their declared handler forms.,never,never,both,runtime.array,not_started,not_started,"[""destructor"",""exception""]","[""bailout"",""call_internal"",""read_memory"",""reenter_php"",""run_destructor"",""throw"",""write_memory""]","[""engine.exception"",""frame.call_chain"",""frame.locals"",""frame.temps"",""heap.array"",""heap.zval""]","[""engine.exception"",""frame.call_chain"",""frame.temps"",""heap.zval""]","[""conditional_destroy"",""produce_owned""]","[""bailout"",""destructor"",""exception"",""reentrancy"",""safepoint""]","[""contract.opcode_matrix"",""opcode.ZEND_FETCH_DIM_RW""]","[{""end_line"":2000,""path"":""Zend/zend_vm_def.h"",""start_line"":1986,""symbol"":""ZEND_FETCH_DIM_RW""},{""end_line"":2407,""path"":""ext/opcache/jit/zend_jit.c"",""start_line"":2407,""symbol"":""ZEND_FETCH_DIM_RW""},{""end_line"":5912,""path"":""ext/opcache/jit/zend_jit_trace.c"",""start_line"":5912,""symbol"":""ZEND_FETCH_DIM_RW""}]","The cited VM handler and operand declaration provide the exception, bailout, destructor paths used for this conservative annotation; JIT status uses only cited compiler cases."
88,ZEND_FETCH_OBJ_RW,"{""dispatches"":[],""extended"":[""CACHE_SLOT""],""handler_style"":""ZEND_VM_HANDLER"",""op1"":[""VAR"",""UNUSED"",""THIS"",""CV""],""op2"":[""CONST"",""TMP"",""CV""],""spec"":[],""variants"":[]}",temporary,conditional,conditional,never,conditional,The cited handler has no reference-specific path; ordinary zval operands may still be dereferenced only according to their declared handler forms.,never,never,partial,runtime.object,not_started,not_started,"[""destructor"",""exception""]","[""bailout"",""call_internal"",""read_memory"",""reenter_php"",""run_destructor"",""throw"",""write_memory""]","[""engine.exception"",""frame.call_chain"",""frame.locals"",""frame.temps"",""heap.object"",""heap.zval"",""runtime.cache""]","[""engine.exception"",""frame.call_chain"",""frame.temps"",""heap.zval""]","[""conditional_destroy"",""produce_owned""]","[""bailout"",""destructor"",""exception"",""reentrancy"",""safepoint""]","[""contract.opcode_matrix"",""opcode.ZEND_FETCH_OBJ_RW""]","[{""end_line"":2290,""path"":""Zend/zend_vm_def.h"",""start_line"":2274,""symbol"":""ZEND_FETCH_OBJ_RW""},{""end_line"":1003,""path"":""ext/opcache/jit/zend_jit_vm_helpers.c"",""start_line"":1003,""symbol"":""ZEND_FETCH_OBJ_RW""}]","The cited VM handler and operand declaration provide the exception, bailout, destructor paths used for this conservative annotation; JIT status uses only cited compiler cases."
89,ZEND_FETCH_IS,"{""dispatches"":[{""kind"":""helper"",""source_line"":1854,""target"":""zend_fetch_var_address_helper"",""target_end_line"":1823,""target_start_line"":1723}],""extended"":[""VAR_FETCH""],""handler_style"":""ZEND_VM_HANDLER"",""op1"":[""CONST"",""TMP"",""CV""],""op2"":[""UNUSED""],""spec"":[],""variants"":[]}",temporary,conditional,never,never,conditional,The cited handler has no reference-specific path; ordinary zval operands may still be dereferenced only according to their declared handler forms.,never,never,partial,runtime.variable,not_started,not_started,"[""destructor"",""exception"",""reference""]","[""call_internal"",""read_memory"",""run_destructor"",""throw"",""write_memory""]","[""engine.exception"",""frame.locals"",""frame.temps"",""heap.reference"",""heap.string"",""heap.zval"",""runtime.symbol_table""]","[""engine.exception"",""frame.temps"",""gc.metadata"",""heap.string"",""heap.zval""]","[""borrow"",""canonicalize"",""conditional_destroy"",""copy_addref"",""produce_owned""]","[""destructor"",""exception""]","[""contract.opcode_matrix"",""opcode.ZEND_FETCH_IS""]","[{""end_line"":1823,""path"":""Zend/zend_vm_def.h"",""start_line"":1723,""symbol"":""zend_fetch_var_address_helper""},{""end_line"":1857,""path"":""Zend/zend_vm_def.h"",""start_line"":1852,""symbol"":""ZEND_FETCH_IS""},{""end_line"":1391,""path"":""ext/opcache/jit/zend_jit_trace.c"",""start_line"":1391,""symbol"":""ZEND_FETCH_IS""}]",The cited VM handler and operand declaration provide the exception paths used for this conservative annotation; JIT status uses only cited compiler cases. Dispatched helper definitions (zend_fetch_var_address_helper) are cited and included in the conservative effect union.
90,ZEND_FETCH_DIM_IS,"{""dispatches"":[],""extended"":[],""handler_style"":""ZEND_VM_COLD_CONSTCONST_HANDLER"",""op1"":[""CONST"",""TMPVAR"",""CV""],""op2"":[""CONST"",""TMP"",""CV""],""spec"":[],""variants"":[]}",temporary,conditional,conditional,never,conditional,"The cited handler contains an explicit reference, indirect, dereference, or separation path; preserve alias identity and the listed ownership actions.",never,never,both,runtime.reference,not_started,not_started,"[""destructor"",""exception"",""reference""]","[""bailout"",""call_internal"",""read_memory"",""reenter_php"",""run_destructor"",""throw"",""write_memory""]","[""engine.exception"",""frame.call_chain"",""frame.locals"",""frame.temps"",""heap.array"",""heap.reference"",""heap.zval""]","[""engine.exception"",""frame.call_chain"",""frame.temps"",""heap.reference"",""heap.zval""]","[""canonicalize"",""conditional_destroy"",""produce_owned""]","[""bailout"",""destructor"",""exception"",""reentrancy"",""safepoint""]","[""contract.opcode_matrix"",""opcode.ZEND_FETCH_DIM_IS""]","[{""end_line"":2015,""path"":""Zend/zend_vm_def.h"",""start_line"":2001,""symbol"":""ZEND_FETCH_DIM_IS""},{""end_line"":2394,""path"":""ext/opcache/jit/zend_jit.c"",""start_line"":2394,""symbol"":""ZEND_FETCH_DIM_IS""},{""end_line"":5855,""path"":""ext/opcache/jit/zend_jit_trace.c"",""start_line"":5855,""symbol"":""ZEND_FETCH_DIM_IS""}]","The cited VM handler and operand declaration provide the exception, bailout, destructor, reference/indirect paths used for this conservative annotation; JIT status uses only cited compiler cases."
91,ZEND_FETCH_OBJ_IS,"{""dispatches"":[],""extended"":[""CACHE_SLOT""],""handler_style"":""ZEND_VM_COLD_CONST_HANDLER"",""op1"":[""CONST"",""TMPVAR"",""UNUSED"",""THIS"",""CV""],""op2"":[""CONST"",""TMP"",""CV""],""spec"":[],""variants"":[]}",temporary,conditional,conditional,conditional,conditional,"The cited handler contains an explicit reference, indirect, dereference, or separation path; preserve alias identity and the listed ownership actions.",never,never,both,runtime.reference,not_started,not_started,"[""destructor"",""exception"",""reference""]","[""bailout"",""call_internal"",""call_php"",""read_memory"",""reenter_php"",""run_destructor"",""throw"",""write_memory""]","[""engine.exception"",""frame.call_chain"",""frame.locals"",""frame.temps"",""heap.array"",""heap.object"",""heap.reference"",""heap.string"",""heap.zval"",""runtime.cache""]","[""engine.exception"",""frame.call_chain"",""frame.temps"",""heap.reference"",""heap.zval""]","[""canonicalize"",""conditional_destroy"",""copy_addref"",""move"",""produce_owned""]","[""bailout"",""destructor"",""exception"",""reentrancy"",""safepoint""]","[""contract.opcode_matrix"",""opcode.ZEND_FETCH_OBJ_IS""]","[{""end_line"":2413,""path"":""Zend/zend_vm_def.h"",""start_line"":2291,""symbol"":""ZEND_FETCH_OBJ_IS""},{""end_line"":2457,""path"":""ext/opcache/jit/zend_jit.c"",""start_line"":2457,""symbol"":""ZEND_FETCH_OBJ_IS""},{""end_line"":6062,""path"":""ext/opcache/jit/zend_jit_trace.c"",""start_line"":6062,""symbol"":""ZEND_FETCH_OBJ_IS""}]","The cited VM handler and operand declaration provide the exception, bailout, PHP-call/reentrancy, destructor, reference/indirect paths used for this conservative annotation; JIT status uses only cited compiler cases."
92,ZEND_FETCH_FUNC_ARG,"{""dispatches"":[{""kind"":""helper"",""source_line"":1844,""target"":""zend_fetch_var_address_helper"",""target_end_line"":1823,""target_start_line"":1723}],""extended"":[""VAR_FETCH""],""handler_style"":""ZEND_VM_HANDLER"",""op1"":[""CONST"",""TMP"",""CV""],""op2"":[""UNUSED""],""spec"":[],""variants"":[]}",temporary,conditional,never,never,conditional,The cited handler has no reference-specific path; ordinary zval operands may still be dereferenced only according to their declared handler forms.,never,never,partial,runtime.variable,not_started,not_started,"[""destructor"",""exception"",""reference""]","[""call_internal"",""read_memory"",""run_destructor"",""throw"",""write_memory""]","[""engine.exception"",""frame.locals"",""frame.temps"",""heap.reference"",""heap.string"",""heap.zval"",""runtime.symbol_table""]","[""engine.exception"",""frame.temps"",""gc.metadata"",""heap.string"",""heap.zval""]","[""borrow"",""canonicalize"",""conditional_destroy"",""copy_addref"",""produce_owned""]","[""destructor"",""exception""]","[""contract.opcode_matrix"",""opcode.ZEND_FETCH_FUNC_ARG""]","[{""end_line"":1823,""path"":""Zend/zend_vm_def.h"",""start_line"":1723,""symbol"":""zend_fetch_var_address_helper""},{""end_line"":1846,""path"":""Zend/zend_vm_def.h"",""start_line"":1839,""symbol"":""ZEND_FETCH_FUNC_ARG""},{""end_line"":1390,""path"":""ext/opcache/jit/zend_jit_trace.c"",""start_line"":1390,""symbol"":""ZEND_FETCH_FUNC_ARG""}]",The cited VM handler and operand declaration provide the exception paths used for this conservative annotation; JIT status uses only cited compiler cases. Dispatched helper definitions (zend_fetch_var_address_helper) are cited and included in the conservative effect union.
93,ZEND_FETCH_DIM_FUNC_ARG,"{""dispatches"":[{""kind"":""helper"",""source_line"":2048,""target"":""zend_use_tmp_in_write_context_helper"",""target_end_line"":2027,""target_start_line"":2016},{""kind"":""handler"",""source_line"":2050,""target"":""ZEND_FETCH_DIM_W"",""target_end_line"":1985,""target_start_line"":1971},{""kind"":""helper"",""source_line"":2053,""target"":""zend_use_undef_in_read_context_helper"",""target_end_line"":2039,""target_start_line"":2028},{""kind"":""handler"",""source_line"":2061,""target"":""ZEND_FETCH_DIM_R"",""target_end_line"":1970,""target_start_line"":1932}],""extended"":[],""handler_style"":""ZEND_VM_COLD_CONSTCONST_HANDLER"",""op1"":[""CONST"",""TMP"",""VAR"",""CV""],""op2"":[""CONST"",""TMP"",""UNUSED"",""NEXT"",""CV""],""spec"":[],""variants"":[]}",temporary,conditional,conditional,never,conditional,"The cited handler contains an explicit reference, indirect, dereference, or separation path; preserve alias identity and the listed ownership actions.",never,never,trace,runtime.reference,not_started,not_started,"[""destructor"",""exception"",""reference""]","[""bailout"",""call_internal"",""read_memory"",""reenter_php"",""run_destructor"",""throw"",""write_memory""]","[""engine.exception"",""frame.call_chain"",""frame.locals"",""frame.temps"",""heap.array"",""heap.reference"",""heap.zval""]","[""engine.exception"",""frame.call_chain"",""frame.temps"",""gc.metadata"",""heap.reference"",""heap.zval""]","[""canonicalize"",""conditional_destroy"",""copy_addref"",""move"",""produce_owned""]","[""bailout"",""destructor"",""exception"",""reentrancy"",""safepoint""]","[""contract.opcode_matrix"",""opcode.ZEND_FETCH_DIM_FUNC_ARG""]","[{""end_line"":1970,""path"":""Zend/zend_vm_def.h"",""start_line"":1932,""symbol"":""ZEND_FETCH_DIM_R""},{""end_line"":1985,""path"":""Zend/zend_vm_def.h"",""start_line"":1971,""symbol"":""ZEND_FETCH_DIM_W""},{""end_line"":2027,""path"":""Zend/zend_vm_def.h"",""start_line"":2016,""symbol"":""zend_use_tmp_in_write_context_helper""},{""end_line"":2039,""path"":""Zend/zend_vm_def.h"",""start_line"":2028,""symbol"":""zend_use_undef_in_read_context_helper""},{""end_line"":2064,""path"":""Zend/zend_vm_def.h"",""start_line"":2040,""symbol"":""ZEND_FETCH_DIM_FUNC_ARG""},{""end_line"":5846,""path"":""ext/opcache/jit/zend_jit_trace.c"",""start_line"":5846,""symbol"":""ZEND_FETCH_DIM_FUNC_ARG""}]","The cited VM handler and operand declaration provide the exception, reference/indirect paths used for this conservative annotation; JIT status uses only cited compiler cases. Dispatched helper definitions (zend_use_tmp_in_write_context_helper, zend_use_undef_in_read_context_helper) are cited and included in the conservative effect union. Dispatched handler definitions (ZEND_FETCH_DIM_R, ZEND_FETCH_DIM_W) are cited and included in the conservative effect union."
94,ZEND_FETCH_OBJ_FUNC_ARG,"{""dispatches"":[{""kind"":""helper"",""source_line"":2423,""target"":""zend_use_tmp_in_write_context_helper"",""target_end_line"":2027,""target_start_line"":2016},{""kind"":""handler"",""source_line"":2425,""target"":""ZEND_FETCH_OBJ_W"",""target_end_line"":2273,""target_start_line"":2253},{""kind"":""handler"",""source_line"":2433,""target"":""ZEND_FETCH_OBJ_R"",""target_end_line"":2252,""target_start_line"":2080}],""extended"":[""FETCH_REF"",""CACHE_SLOT""],""handler_style"":""ZEND_VM_COLD_CONST_HANDLER"",""op1"":[""CONST"",""TMP"",""VAR"",""UNUSED"",""THIS"",""CV""],""op2"":[""CONST"",""TMP"",""CV""],""spec"":[],""variants"":[]}",temporary,conditional,conditional,conditional,conditional,"The cited handler contains an explicit reference, indirect, dereference, or separation path; preserve alias identity and the listed ownership actions.",conditional,never,trace,runtime.reference,not_started,not_started,"[""destructor"",""exception"",""observer"",""reference"",""zts""]","[""allocate"",""bailout"",""call_internal"",""call_php"",""observe_frame"",""read_memory"",""reenter_php"",""run_destructor"",""throw"",""write_memory""]","[""engine.exception"",""engine.observer"",""frame.call_chain"",""frame.locals"",""frame.temps"",""heap.array"",""heap.object"",""heap.reference"",""heap.string"",""heap.zval"",""runtime.cache""]","[""engine.exception"",""frame.call_chain"",""frame.temps"",""gc.metadata"",""heap.reference"",""heap.zval""]","[""canonicalize"",""conditional_destroy"",""copy_addref"",""move"",""produce_owned""]","[""bailout"",""destructor"",""exception"",""observer"",""reentrancy"",""safepoint""]","[""contract.opcode_matrix"",""opcode.ZEND_FETCH_OBJ_FUNC_ARG""]","[{""end_line"":2027,""path"":""Zend/zend_vm_def.h"",""start_line"":2016,""symbol"":""zend_use_tmp_in_write_context_helper""},{""end_line"":2252,""path"":""Zend/zend_vm_def.h"",""start_line"":2080,""symbol"":""ZEND_FETCH_OBJ_R""},{""end_line"":2273,""path"":""Zend/zend_vm_def.h"",""start_line"":2253,""symbol"":""ZEND_FETCH_OBJ_W""},{""end_line"":2436,""path"":""Zend/zend_vm_def.h"",""start_line"":2414,""symbol"":""ZEND_FETCH_OBJ_FUNC_ARG""},{""end_line"":6048,""path"":""ext/opcache/jit/zend_jit_trace.c"",""start_line"":6048,""symbol"":""ZEND_FETCH_OBJ_FUNC_ARG""}]","The cited VM handler and operand declaration provide the exception, reference/indirect paths used for this conservative annotation; JIT status uses only cited compiler cases. Dispatched helper definitions (zend_use_tmp_in_write_context_helper) are cited and included in the conservative effect union. Dispatched handler definitions (ZEND_FETCH_OBJ_R, ZEND_FETCH_OBJ_W) are cited and included in the conservative effect union."
95,ZEND_FETCH_UNSET,"{""dispatches"":[{""kind"":""helper"",""source_line"":1849,""target"":""zend_fetch_var_address_helper"",""target_end_line"":1823,""target_start_line"":1723}],""extended"":[""VAR_FETCH""],""handler_style"":""ZEND_VM_HANDLER"",""op1"":[""CONST"",""TMP"",""CV""],""op2"":[""UNUSED""],""spec"":[],""variants"":[]}",temporary,conditional,never,never,conditional,The cited handler has no reference-specific path; ordinary zval operands may still be dereferenced only according to their declared handler forms.,never,never,partial,runtime.variable,not_started,not_started,"[""destructor"",""exception"",""reference""]","[""call_internal"",""read_memory"",""run_destructor"",""throw"",""write_memory""]","[""engine.exception"",""frame.locals"",""frame.temps"",""heap.reference"",""heap.string"",""heap.zval"",""runtime.symbol_table""]","[""engine.exception"",""frame.temps"",""gc.metadata"",""heap.string"",""heap.zval""]","[""borrow"",""canonicalize"",""conditional_destroy"",""copy_addref"",""produce_owned""]","[""destructor"",""exception""]","[""contract.opcode_matrix"",""opcode.ZEND_FETCH_UNSET""]","[{""end_line"":1823,""path"":""Zend/zend_vm_def.h"",""start_line"":1723,""symbol"":""zend_fetch_var_address_helper""},{""end_line"":1851,""path"":""Zend/zend_vm_def.h"",""start_line"":1847,""symbol"":""ZEND_FETCH_UNSET""},{""end_line"":1392,""path"":""ext/opcache/jit/zend_jit_trace.c"",""start_line"":1392,""symbol"":""ZEND_FETCH_UNSET""}]",The cited VM handler and operand declaration provide the exception paths used for this conservative annotation; JIT status uses only cited compiler cases. Dispatched helper definitions (zend_fetch_var_address_helper) are cited and included in the conservative effect union.
96,ZEND_FETCH_DIM_UNSET,"{""dispatches"":[],""extended"":[],""handler_style"":""ZEND_VM_HANDLER"",""op1"":[""VAR"",""CV""],""op2"":[""CONST"",""TMP"",""CV""],""spec"":[],""variants"":[]}",temporary,conditional,conditional,never,conditional,The cited handler has no reference-specific path; ordinary zval operands may still be dereferenced only according to their declared handler forms.,never,never,partial,runtime.array,not_started,not_started,"[""destructor"",""exception""]","[""bailout"",""call_internal"",""read_memory"",""reenter_php"",""run_destructor"",""throw"",""write_memory""]","[""engine.exception"",""frame.call_chain"",""frame.locals"",""frame.temps"",""heap.array"",""heap.zval""]","[""engine.exception"",""frame.call_chain"",""frame.temps"",""heap.zval""]","[""conditional_destroy"",""produce_owned""]","[""bailout"",""destructor"",""exception"",""reentrancy"",""safepoint""]","[""contract.opcode_matrix"",""opcode.ZEND_FETCH_DIM_UNSET""]","[{""end_line"":2079,""path"":""Zend/zend_vm_def.h"",""start_line"":2065,""symbol"":""ZEND_FETCH_DIM_UNSET""},{""end_line"":13110,""path"":""ext/opcache/jit/zend_jit_ir.c"",""start_line"":13110,""symbol"":""ZEND_FETCH_DIM_UNSET""}]","The cited VM handler and operand declaration provide the exception, bailout, destructor paths used for this conservative annotation; JIT status uses only cited compiler cases."
97,ZEND_FETCH_OBJ_UNSET,"{""dispatches"":[],""extended"":[""CACHE_SLOT""],""handler_style"":""ZEND_VM_HANDLER"",""op1"":[""VAR"",""UNUSED"",""THIS"",""CV""],""op2"":[""CONST"",""TMP"",""CV""],""spec"":[],""variants"":[]}",temporary,conditional,conditional,never,conditional,The cited handler has no reference-specific path; ordinary zval operands may still be dereferenced only according to their declared handler forms.,never,never,partial,runtime.object,not_started,not_started,"[""destructor"",""exception""]","[""bailout"",""call_internal"",""read_memory"",""reenter_php"",""run_destructor"",""throw"",""write_memory""]","[""engine.exception"",""frame.call_chain"",""frame.locals"",""frame.temps"",""heap.object"",""heap.zval"",""runtime.cache""]","[""engine.exception"",""frame.call_chain"",""frame.temps"",""heap.zval""]","[""conditional_destroy"",""produce_owned""]","[""bailout"",""destructor"",""exception"",""reentrancy"",""safepoint""]","[""contract.opcode_matrix"",""opcode.ZEND_FETCH_OBJ_UNSET""]","[{""end_line"":2453,""path"":""Zend/zend_vm_def.h"",""start_line"":2437,""symbol"":""ZEND_FETCH_OBJ_UNSET""},{""end_line"":1005,""path"":""ext/opcache/jit/zend_jit_vm_helpers.c"",""start_line"":1005,""symbol"":""ZEND_FETCH_OBJ_UNSET""}]","The cited VM handler and operand declaration provide the exception, bailout, destructor paths used for this conservative annotation; JIT status uses only cited compiler cases."
98,ZEND_FETCH_LIST_R,"{""dispatches"":[],""extended"":[],""handler_style"":""ZEND_VM_HANDLER"",""op1"":[""CONST"",""TMPVARCV""],""op2"":[""CONST"",""TMP"",""CV""],""spec"":[],""variants"":[]}",temporary,conditional,conditional,never,conditional,The cited handler has no reference-specific path; ordinary zval operands may still be dereferenced only according to their declared handler forms.,never,never,both,runtime.variable,not_started,not_started,"[""destructor"",""exception""]","[""bailout"",""call_internal"",""read_memory"",""reenter_php"",""run_destructor"",""throw"",""write_memory""]","[""engine.exception"",""frame.call_chain"",""frame.locals"",""frame.temps"",""heap.array"",""heap.zval""]","[""engine.exception"",""frame.call_chain"",""frame.temps"",""heap.zval""]","[""conditional_destroy"",""produce_owned""]","[""bailout"",""destructor"",""exception"",""reentrancy"",""safepoint""]","[""contract.opcode_matrix"",""opcode.ZEND_FETCH_LIST_R""]","[{""end_line"":2465,""path"":""Zend/zend_vm_def.h"",""start_line"":2454,""symbol"":""ZEND_FETCH_LIST_R""},{""end_line"":2395,""path"":""ext/opcache/jit/zend_jit.c"",""start_line"":2395,""symbol"":""ZEND_FETCH_LIST_R""},{""end_line"":5856,""path"":""ext/opcache/jit/zend_jit_trace.c"",""start_line"":5856,""symbol"":""ZEND_FETCH_LIST_R""}]","The cited VM handler and operand declaration provide the exception, bailout, destructor paths used for this conservative annotation; JIT status uses only cited compiler cases."
99,ZEND_FETCH_CONSTANT,"{""dispatches"":[],""extended"":[""CACHE_SLOT""],""handler_style"":""ZEND_VM_HOT_HANDLER"",""op1"":[""UNUSED"",""CONST_FETCH""],""op2"":[""CONST""],""spec"":[],""variants"":[]}",temporary,conditional,never,never,never,The cited handler has no reference-specific path; ordinary zval operands may still be dereferenced only according to their declared handler forms.,never,never,both,runtime.variable,not_started,not_started,"[""exception""]","[""call_internal"",""read_memory"",""throw"",""write_memory""]","[""engine.exception"",""runtime.cache""]","[""engine.exception"",""frame.temps""]","[""copy_addref"",""produce_owned""]","[""exception""]","[""contract.opcode_matrix"",""opcode.ZEND_FETCH_CONSTANT""]","[{""end_line"":6151,""path"":""Zend/zend_vm_def.h"",""start_line"":6136,""symbol"":""ZEND_FETCH_CONSTANT""},{""end_line"":2644,""path"":""ext/opcache/jit/zend_jit.c"",""start_line"":2644,""symbol"":""ZEND_FETCH_CONSTANT""},{""end_line"":6367,""path"":""ext/opcache/jit/zend_jit_trace.c"",""start_line"":6367,""symbol"":""ZEND_FETCH_CONSTANT""}]",The cited VM handler and operand declaration provide the exception paths used for this conservative annotation; JIT status uses only cited compiler cases.
100,ZEND_CHECK_FUNC_ARG,"{""dispatches"":[],""extended"":[],""handler_style"":""ZEND_VM_HOT_SEND_HANDLER"",""op1"":[""UNUSED""],""op2"":[""CONST"",""UNUSED"",""NUM""],""spec"":[""QUICK_ARG""],""variants"":[]}",none,never,never,never,never,The cited handler has no reference-specific path; ordinary zval operands may still be dereferenced only according to their declared handler forms.,never,never,both,runtime.misc,not_started,not_started,[],"[""call_internal"",""read_memory""]","[""heap.string"",""runtime.cache""]",[],"[""borrow""]",[],"[""contract.opcode_matrix"",""opcode.ZEND_CHECK_FUNC_ARG""]","[{""end_line"":5251,""path"":""Zend/zend_vm_def.h"",""start_line"":5220,""symbol"":""ZEND_CHECK_FUNC_ARG""},{""end_line"":2143,""path"":""ext/opcache/jit/zend_jit.c"",""start_line"":2143,""symbol"":""ZEND_CHECK_FUNC_ARG""},{""end_line"":5407,""path"":""ext/opcache/jit/zend_jit_trace.c"",""start_line"":5407,""symbol"":""ZEND_CHECK_FUNC_ARG""}]",The cited VM handler and operand declaration provide the ordinary operand/result paths used for this conservative annotation; JIT status uses only cited compiler cases.
101,ZEND_EXT_STMT,"{""dispatches"":[],""extended"":[],""handler_style"":""ZEND_VM_COLD_HANDLER"",""op1"":[""ANY""],""op2"":[""ANY""],""spec"":[],""variants"":[]}",none,conditional,never,never,never,The cited handler has no reference-specific path; ordinary zval operands may still be dereferenced only according to their declared handler forms.,never,never,none,runtime.misc,not_started,not_started,"[""exception"",""zts""]","[""call_internal"",""read_memory"",""throw"",""write_memory""]","[""engine.exception""]","[""engine.exception""]","[""borrow""]","[""exception""]","[""contract.opcode_matrix"",""opcode.ZEND_EXT_STMT""]","[{""end_line"":8003,""path"":""Zend/zend_vm_def.h"",""start_line"":7992,""symbol"":""ZEND_EXT_STMT""}]","The cited VM handler and operand declaration provide the exception, ZTS executor-global paths used for this conservative annotation; JIT status uses only cited compiler cases."
102,ZEND_EXT_FCALL_BEGIN,"{""dispatches"":[],""extended"":[],""handler_style"":""ZEND_VM_COLD_HANDLER"",""op1"":[""ANY""],""op2"":[""ANY""],""spec"":[],""variants"":[]}",none,conditional,never,never,never,The cited handler has no reference-specific path; ordinary zval operands may still be dereferenced only according to their declared handler forms.,never,never,none,call.dynamic,not_started,not_started,"[""exception"",""zts""]","[""call_internal"",""read_memory"",""throw"",""write_memory""]","[""engine.exception""]","[""engine.exception""]","[""borrow""]","[""exception""]","[""contract.opcode_matrix"",""opcode.ZEND_EXT_FCALL_BEGIN""]","[{""end_line"":8015,""path"":""Zend/zend_vm_def.h"",""start_line"":8004,""symbol"":""ZEND_EXT_FCALL_BEGIN""}]","The cited VM handler and operand declaration provide the exception, ZTS executor-global paths used for this conservative annotation; JIT status uses only cited compiler cases."
103,ZEND_EXT_FCALL_END,"{""dispatches"":[],""extended"":[],""handler_style"":""ZEND_VM_COLD_HANDLER"",""op1"":[""ANY""],""op2"":[""ANY""],""spec"":[],""variants"":[]}",none,conditional,never,never,never,The cited handler has no reference-specific path; ordinary zval operands may still be dereferenced only according to their declared handler forms.,never,never,none,call.dynamic,not_started,not_started,"[""exception"",""zts""]","[""call_internal"",""read_memory"",""throw"",""write_memory""]","[""engine.exception""]","[""engine.exception""]","[""borrow""]","[""exception""]","[""contract.opcode_matrix"",""opcode.ZEND_EXT_FCALL_END""]","[{""end_line"":8027,""path"":""Zend/zend_vm_def.h"",""start_line"":8016,""symbol"":""ZEND_EXT_FCALL_END""}]","The cited VM handler and operand declaration provide the exception, ZTS executor-global paths used for this conservative annotation; JIT status uses only cited compiler cases."
104,ZEND_EXT_NOP,"{""dispatches"":[],""extended"":[],""handler_style"":""ZEND_VM_HOT_HANDLER"",""op1"":[""ANY""],""op2"":[""ANY""],""spec"":[],""variants"":[]}",none,never,never,never,never,The cited handler has no reference-specific path; ordinary zval operands may still be dereferenced only according to their declared handler forms.,never,never,none,runtime.misc,not_started,not_started,[],[],[],[],[],[],"[""contract.opcode_matrix"",""opcode.ZEND_EXT_NOP""]","[{""end_line"":8161,""path"":""Zend/zend_vm_def.h"",""start_line"":8155,""symbol"":""ZEND_EXT_NOP""}]",The cited VM definition is an explicit control/metadata no-op with pure/no-memory/no-ownership behavior; it contains no semantic value access.
105,ZEND_TICKS,"{""dispatches"":[],""extended"":[""NUM""],""handler_style"":""ZEND_VM_HANDLER"",""op1"":[""ANY""],""op2"":[""ANY""],""spec"":[],""variants"":[]}",none,conditional,conditional,conditional,never,The cited handler has no reference-specific path; ordinary zval operands may still be dereferenced only according to their declared handler forms.,never,never,none,call.dynamic,not_started,not_started,"[""call"",""exception"",""fiber"",""zts""]","[""bailout"",""call_internal"",""call_php"",""read_memory"",""reenter_php"",""throw"",""write_memory""]","[""engine.exception"",""engine.fiber"",""frame.args"",""frame.call_chain"",""heap.zval""]","[""engine.exception"",""external.state"",""frame.call_chain"",""heap.zval""]","[""borrow""]","[""bailout"",""exception"",""reentrancy"",""safepoint""]","[""contract.opcode_matrix"",""opcode.ZEND_TICKS""]","[{""end_line"":8109,""path"":""Zend/zend_vm_def.h"",""start_line"":8093,""symbol"":""ZEND_TICKS""}]","The cited VM handler and operand declaration provide the exception, bailout, PHP-call/reentrancy, ZTS executor-global paths used for this conservative annotation; JIT status uses only cited compiler cases."
106,ZEND_SEND_VAR_NO_REF,"{""dispatches"":[],""extended"":[],""handler_style"":""ZEND_VM_HANDLER"",""op1"":[""VAR""],""op2"":[""CONST"",""UNUSED"",""NUM""],""spec"":[],""variants"":[]}",none,conditional,conditional,never,conditional,"The cited handler contains an explicit reference, indirect, dereference, or separation path; preserve alias identity and the listed ownership actions.",never,never,both,runtime.reference,not_started,not_started,"[""destructor"",""exception"",""reference""]","[""allocate"",""bailout"",""call_internal"",""read_memory"",""reenter_php"",""run_destructor"",""throw"",""write_memory""]","[""engine.exception"",""frame.args"",""frame.call_chain"",""frame.temps"",""heap.reference"",""heap.string"",""heap.zval"",""runtime.cache""]","[""engine.exception"",""frame.args"",""frame.call_chain"",""gc.metadata"",""heap.zval""]","[""borrow"",""canonicalize"",""conditional_destroy"",""copy_addref"",""move""]","[""bailout"",""destructor"",""exception"",""reentrancy"",""safepoint""]","[""contract.opcode_matrix"",""opcode.ZEND_SEND_VAR_NO_REF""]","[{""end_line"":5055,""path"":""Zend/zend_vm_def.h"",""start_line"":5025,""symbol"":""ZEND_SEND_VAR_NO_REF""},{""end_line"":2118,""path"":""ext/opcache/jit/zend_jit.c"",""start_line"":2118,""symbol"":""ZEND_SEND_VAR_NO_REF""},{""end_line"":5349,""path"":""ext/opcache/jit/zend_jit_trace.c"",""start_line"":5349,""symbol"":""ZEND_SEND_VAR_NO_REF""}]","The cited VM handler and operand declaration provide the exception, bailout, destructor, allocation, reference/indirect paths used for this conservative annotation; JIT status uses only cited compiler cases."
107,ZEND_CATCH,"{""dispatches"":[],""extended"":[""LAST_CATCH"",""CACHE_SLOT""],""handler_style"":""ZEND_VM_HANDLER"",""op1"":[""CONST""],""op2"":[""JMP_ADDR""],""spec"":[],""variants"":[]}",exception,conditional,conditional,never,conditional,The cited handler has no reference-specific path; ordinary zval operands may still be dereferenced only according to their declared handler forms.,never,never,partial,runtime.exception,not_started,not_started,"[""destructor"",""exception"",""zts""]","[""bailout"",""call_internal"",""read_memory"",""reenter_php"",""run_destructor"",""throw"",""write_memory""]","[""engine.class_table"",""engine.exception"",""frame.call_chain"",""heap.object"",""heap.string"",""heap.zval"",""runtime.cache""]","[""engine.exception"",""frame.call_chain"",""heap.zval""]","[""conditional_destroy"",""transfer""]","[""bailout"",""destructor"",""exception"",""reentrancy"",""safepoint""]","[""contract.opcode_matrix"",""opcode.ZEND_CATCH""]","[{""end_line"":4900,""path"":""Zend/zend_vm_def.h"",""start_line"":4851,""symbol"":""ZEND_CATCH""},{""end_line"":292,""path"":""ext/opcache/jit/zend_jit.c"",""start_line"":292,""symbol"":""ZEND_CATCH""}]","The cited VM handler and operand declaration provide the exception, bailout, destructor, ZTS executor-global paths used for this conservative annotation; JIT status uses only cited compiler cases."
108,ZEND_THROW,"{""dispatches"":[],""extended"":[],""handler_style"":""ZEND_VM_COLD_CONST_HANDLER"",""op1"":[""CONST"",""TMP"",""CV""],""op2"":[""ANY""],""spec"":[],""variants"":[]}",exception,always,conditional,never,conditional,"The cited handler contains an explicit reference, indirect, dereference, or separation path; preserve alias identity and the listed ownership actions.",never,never,partial,runtime.exception,not_started,not_started,"[""destructor"",""exception"",""reference"",""zts""]","[""bailout"",""call_internal"",""read_memory"",""reenter_php"",""run_destructor"",""throw"",""write_memory""]","[""engine.exception"",""frame.call_chain"",""frame.locals"",""frame.temps"",""heap.object"",""heap.reference"",""heap.zval""]","[""engine.exception"",""frame.call_chain"",""heap.zval""]","[""canonicalize"",""conditional_destroy"",""copy_addref"",""transfer""]","[""bailout"",""destructor"",""exception"",""reentrancy"",""safepoint""]","[""contract.opcode_matrix"",""opcode.ZEND_THROW""]","[{""end_line"":4850,""path"":""Zend/zend_vm_def.h"",""start_line"":4817,""symbol"":""ZEND_THROW""},{""end_line"":2787,""path"":""ext/opcache/jit/zend_jit.c"",""start_line"":2787,""symbol"":""ZEND_THROW""}]","The cited VM handler and operand declaration provide the exception, bailout, destructor, reference/indirect, ZTS executor-global paths used for this conservative annotation; JIT status uses only cited compiler cases."
109,ZEND_FETCH_CLASS,"{""dispatches"":[],""extended"":[""CACHE_SLOT""],""handler_style"":""ZEND_VM_HANDLER"",""op1"":[""UNUSED"",""CLASS_FETCH""],""op2"":[""CONST"",""TMP"",""UNUSED"",""CV""],""spec"":[],""variants"":[]}",temporary,conditional,conditional,never,conditional,"The cited handler contains an explicit reference, indirect, dereference, or separation path; preserve alias identity and the listed ownership actions.",never,never,none,runtime.reference,not_started,not_started,"[""destructor"",""exception"",""reference"",""zts""]","[""bailout"",""call_internal"",""read_memory"",""reenter_php"",""run_destructor"",""throw"",""write_memory""]","[""engine.class_table"",""engine.exception"",""frame.call_chain"",""frame.locals"",""frame.temps"",""heap.object"",""heap.reference"",""heap.string"",""heap.zval"",""runtime.cache""]","[""engine.exception"",""frame.call_chain"",""frame.temps"",""heap.reference"",""heap.zval""]","[""canonicalize"",""conditional_destroy"",""produce_owned""]","[""bailout"",""destructor"",""exception"",""reentrancy"",""safepoint""]","[""contract.opcode_matrix"",""opcode.ZEND_FETCH_CLASS""]","[{""end_line"":3605,""path"":""Zend/zend_vm_def.h"",""start_line"":3563,""symbol"":""ZEND_FETCH_CLASS""}]","The cited VM handler and operand declaration provide the exception, bailout, destructor, reference/indirect, ZTS executor-global paths used for this conservative annotation; JIT status uses only cited compiler cases."
110,ZEND_CLONE,"{""dispatches"":[],""extended"":[],""handler_style"":""ZEND_VM_COLD_CONST_HANDLER"",""op1"":[""CONST"",""TMP"",""UNUSED"",""THIS"",""CV""],""op2"":[""ANY""],""spec"":[],""variants"":[]}",temporary,conditional,conditional,never,conditional,"The cited handler contains an explicit reference, indirect, dereference, or separation path; preserve alias identity and the listed ownership actions.",never,never,none,runtime.object,not_started,not_started,"[""destructor"",""exception"",""reference"",""zts""]","[""bailout"",""call_internal"",""read_memory"",""reenter_php"",""run_destructor"",""throw"",""write_memory""]","[""engine.exception"",""frame.call_chain"",""frame.locals"",""frame.temps"",""heap.object"",""heap.reference"",""heap.zval""]","[""engine.exception"",""frame.call_chain"",""frame.temps"",""heap.reference"",""heap.zval""]","[""canonicalize"",""conditional_destroy"",""cow_separate"",""produce_owned""]","[""bailout"",""destructor"",""exception"",""reentrancy"",""safepoint""]","[""contract.opcode_matrix"",""opcode.ZEND_CLONE""]","[{""end_line"":6135,""path"":""Zend/zend_vm_def.h"",""start_line"":6071,""symbol"":""ZEND_CLONE""}]","The cited VM handler and operand declaration provide the exception, bailout, destructor, reference/indirect, ZTS executor-global paths used for this conservative annotation; JIT status uses only cited compiler cases."
111,ZEND_RETURN_BY_REF,"{""dispatches"":[{""kind"":""helper"",""source_line"":4689,""target"":""zend_leave_helper"",""target_end_line"":3127,""target_start_line"":2986}],""extended"":[""SRC""],""handler_style"":""ZEND_VM_COLD_CONST_HANDLER"",""op1"":[""CONST"",""TMP"",""VAR"",""CV""],""op2"":[""ANY""],""spec"":[""OBSERVER""],""variants"":[]}",return,conditional,conditional,never,conditional,"The cited handler contains an explicit reference, indirect, dereference, or separation path; preserve alias identity and the listed ownership actions.",conditional,never,partial,control.return,not_started,not_started,"[""destructor"",""exception"",""observer"",""reference"",""zts""]","[""allocate"",""bailout"",""call_internal"",""observe_frame"",""read_memory"",""reenter_php"",""run_destructor"",""terminate"",""throw"",""write_memory""]","[""engine.exception"",""engine.observer"",""frame.args"",""frame.call_chain"",""frame.locals"",""frame.temps"",""heap.array"",""heap.object"",""heap.reference"",""heap.zval""]","[""engine.exception"",""frame.call_chain"",""gc.metadata"",""heap.array"",""heap.object"",""heap.zval""]","[""canonicalize"",""conditional_destroy"",""copy_addref"",""move"",""transfer""]","[""bailout"",""destructor"",""exception"",""observer"",""reentrancy"",""safepoint""]","[""contract.opcode_matrix"",""opcode.ZEND_RETURN_BY_REF""]","[{""end_line"":3127,""path"":""Zend/zend_vm_def.h"",""start_line"":2986,""symbol"":""zend_leave_helper""},{""end_line"":4691,""path"":""Zend/zend_vm_def.h"",""start_line"":4623,""symbol"":""ZEND_RETURN_BY_REF""},{""end_line"":2781,""path"":""ext/opcache/jit/zend_jit.c"",""start_line"":2781,""symbol"":""ZEND_RETURN_BY_REF""}]","The cited VM handler and operand declaration provide the exception, bailout, destructor, observer, allocation, reference/indirect, ZTS executor-global paths used for this conservative annotation; JIT status uses only cited compiler cases. Dispatched helper definitions (zend_leave_helper) are cited and included in the conservative effect union."
112,ZEND_INIT_METHOD_CALL,"{""dispatches"":[],""extended"":[""NUM"",""CACHE_SLOT""],""handler_style"":""ZEND_VM_HOT_OBJ_HANDLER"",""op1"":[""CONST"",""TMP"",""UNUSED"",""THIS"",""CV""],""op2"":[""CONST"",""TMP"",""CV""],""spec"":[],""variants"":[]}",call_frame,conditional,conditional,never,conditional,"The cited handler contains an explicit reference, indirect, dereference, or separation path; preserve alias identity and the listed ownership actions.",never,never,both,call.dynamic,not_started,not_started,"[""call"",""destructor"",""exception"",""reference"",""zts""]","[""allocate"",""bailout"",""call_internal"",""read_memory"",""reenter_php"",""run_destructor"",""throw"",""write_memory""]","[""engine.exception"",""frame.args"",""frame.call_chain"",""frame.locals"",""frame.temps"",""heap.object"",""heap.reference"",""heap.string"",""heap.zval"",""runtime.cache""]","[""engine.exception"",""frame.call_chain"",""gc.metadata"",""heap.zval""]","[""canonicalize"",""conditional_destroy"",""copy_addref"",""transfer""]","[""bailout"",""destructor"",""exception"",""reentrancy"",""safepoint""]","[""contract.opcode_matrix"",""opcode.ZEND_INIT_METHOD_CALL""]","[{""end_line"":3760,""path"":""Zend/zend_vm_def.h"",""start_line"":3606,""symbol"":""ZEND_INIT_METHOD_CALL""},{""end_line"":2654,""path"":""ext/opcache/jit/zend_jit.c"",""start_line"":2654,""symbol"":""ZEND_INIT_METHOD_CALL""},{""end_line"":6372,""path"":""ext/opcache/jit/zend_jit_trace.c"",""start_line"":6372,""symbol"":""ZEND_INIT_METHOD_CALL""}]","The cited VM handler and operand declaration provide the exception, bailout, destructor, allocation, reference/indirect, ZTS executor-global paths used for this conservative annotation; JIT status uses only cited compiler cases."
113,ZEND_INIT_STATIC_METHOD_CALL,"{""dispatches"":[],""extended"":[""NUM"",""CACHE_SLOT""],""handler_style"":""ZEND_VM_HANDLER"",""op1"":[""UNUSED"",""CLASS_FETCH"",""CONST"",""VAR""],""op2"":[""CONST"",""TMP"",""UNUSED"",""CONSTRUCTOR"",""CV""],""spec"":[],""variants"":[]}",call_frame,conditional,conditional,never,conditional,"The cited handler contains an explicit reference, indirect, dereference, or separation path; preserve alias identity and the listed ownership actions.",never,never,both,call.dynamic,not_started,not_started,"[""call"",""destructor"",""exception"",""reference"",""zts""]","[""allocate"",""bailout"",""call_internal"",""read_memory"",""reenter_php"",""run_destructor"",""throw"",""write_memory""]","[""engine.class_table"",""engine.exception"",""frame.args"",""frame.call_chain"",""frame.locals"",""frame.temps"",""heap.object"",""heap.reference"",""heap.string"",""heap.zval"",""runtime.cache""]","[""engine.exception"",""frame.call_chain"",""gc.metadata"",""heap.zval""]","[""canonicalize"",""conditional_destroy"",""transfer""]","[""bailout"",""destructor"",""exception"",""reentrancy"",""safepoint""]","[""contract.opcode_matrix"",""opcode.ZEND_INIT_STATIC_METHOD_CALL""]","[{""end_line"":3893,""path"":""Zend/zend_vm_def.h"",""start_line"":3761,""symbol"":""ZEND_INIT_STATIC_METHOD_CALL""},{""end_line"":2696,""path"":""ext/opcache/jit/zend_jit.c"",""start_line"":2696,""symbol"":""ZEND_INIT_STATIC_METHOD_CALL""},{""end_line"":6442,""path"":""ext/opcache/jit/zend_jit_trace.c"",""start_line"":6442,""symbol"":""ZEND_INIT_STATIC_METHOD_CALL""}]","The cited VM handler and operand declaration provide the exception, bailout, destructor, allocation, reference/indirect, ZTS executor-global paths used for this conservative annotation; JIT status uses only cited compiler cases."
114,ZEND_ISSET_ISEMPTY_VAR,"{""dispatches"":[],""extended"":[""VAR_FETCH"",""ISSET""],""handler_style"":""ZEND_VM_HANDLER"",""op1"":[""CONST"",""TMP"",""CV""],""op2"":[""UNUSED""],""spec"":[],""variants"":[]}",temporary,conditional,conditional,never,conditional,"The cited handler contains an explicit reference, indirect, dereference, or separation path; preserve alias identity and the listed ownership actions.",never,never,partial,runtime.variable,not_started,not_started,"[""destructor"",""exception"",""reference""]","[""bailout"",""call_internal"",""read_memory"",""reenter_php"",""run_destructor"",""throw"",""write_memory""]","[""engine.exception"",""frame.call_chain"",""frame.locals"",""frame.temps"",""heap.array"",""heap.reference"",""heap.string"",""heap.zval"",""runtime.symbol_table""]","[""engine.exception"",""frame.call_chain"",""frame.temps"",""heap.reference"",""heap.zval""]","[""canonicalize"",""conditional_destroy"",""produce_owned""]","[""bailout"",""destructor"",""exception"",""reentrancy"",""safepoint""]","[""contract.opcode_matrix"",""opcode.ZEND_ISSET_ISEMPTY_VAR""]","[{""end_line"":7594,""path"":""Zend/zend_vm_def.h"",""start_line"":7550,""symbol"":""ZEND_ISSET_ISEMPTY_VAR""},{""end_line"":291,""path"":""ext/opcache/jit/zend_jit_trace.c"",""start_line"":291,""symbol"":""ZEND_ISSET_ISEMPTY_VAR""}]","The cited VM handler and operand declaration provide the exception, bailout, destructor, reference/indirect paths used for this conservative annotation; JIT status uses only cited compiler cases."
115,ZEND_ISSET_ISEMPTY_DIM_OBJ,"{""dispatches"":[],""extended"":[""ISSET""],""handler_style"":""ZEND_VM_COLD_CONSTCONST_HANDLER"",""op1"":[""CONST"",""TMP"",""CV""],""op2"":[""CONST"",""TMP"",""CV""],""spec"":[],""variants"":[]}",temporary,conditional,conditional,never,conditional,"The cited handler contains an explicit reference, indirect, dereference, or separation path; preserve alias identity and the listed ownership actions.",never,never,both,runtime.array,not_started,not_started,"[""destructor"",""exception"",""reference"",""zts""]","[""bailout"",""call_internal"",""read_memory"",""reenter_php"",""run_destructor"",""throw"",""write_memory""]","[""engine.exception"",""frame.call_chain"",""frame.locals"",""frame.temps"",""heap.array"",""heap.object"",""heap.reference"",""heap.string"",""heap.zval""]","[""engine.exception"",""frame.call_chain"",""frame.temps"",""heap.reference"",""heap.zval""]","[""canonicalize"",""conditional_destroy"",""produce_owned""]","[""bailout"",""destructor"",""exception"",""reentrancy"",""safepoint""]","[""contract.opcode_matrix"",""opcode.ZEND_ISSET_ISEMPTY_DIM_OBJ""]","[{""end_line"":7693,""path"":""Zend/zend_vm_def.h"",""start_line"":7615,""symbol"":""ZEND_ISSET_ISEMPTY_DIM_OBJ""},{""end_line"":2424,""path"":""ext/opcache/jit/zend_jit.c"",""start_line"":2424,""symbol"":""ZEND_ISSET_ISEMPTY_DIM_OBJ""},{""end_line"":5963,""path"":""ext/opcache/jit/zend_jit_trace.c"",""start_line"":5963,""symbol"":""ZEND_ISSET_ISEMPTY_DIM_OBJ""}]","The cited VM handler and operand declaration provide the exception, bailout, destructor, reference/indirect, ZTS executor-global paths used for this conservative annotation; JIT status uses only cited compiler cases."
116,ZEND_SEND_VAL_EX,"{""dispatches"":[{""kind"":""helper"",""source_line"":4966,""target"":""zend_cannot_pass_by_ref_helper"",""target_end_line"":4940,""target_start_line"":4929}],""extended"":[],""handler_style"":""ZEND_VM_HOT_SEND_HANDLER"",""op1"":[""CONST"",""TMP""],""op2"":[""CONST"",""UNUSED"",""NUM""],""spec"":[""QUICK_ARG""],""variants"":[{""condition"":""op->op2_type == IS_UNUSED && op->op2.num <= MAX_ARG_FLAG_NUM && op->op1_type == IS_CONST && !Z_REFCOUNTED_P(RT_CONSTANT(op, op->op1))"",""extended"":[],""handler_style"":""ZEND_VM_HOT_TYPE_SPEC_HANDLER"",""name"":""ZEND_SEND_VAL_EX_SIMPLE"",""op1"":[""CONST""],""op2"":[""NUM""],""source_line"":10628,""spec"":[]}]}",none,conditional,conditional,never,conditional,The cited handler has no reference-specific path; ordinary zval operands may still be dereferenced only according to their declared handler forms.,never,never,both,runtime.misc,not_started,not_started,"[""destructor"",""exception""]","[""bailout"",""call_internal"",""read_memory"",""reenter_php"",""run_destructor"",""throw"",""write_memory""]","[""engine.exception"",""frame.args"",""frame.call_chain"",""frame.temps"",""heap.string"",""heap.zval"",""runtime.cache""]","[""engine.exception"",""frame.args"",""frame.call_chain"",""gc.metadata"",""heap.zval""]","[""borrow"",""conditional_destroy"",""copy_addref"",""move""]","[""bailout"",""destructor"",""exception"",""reentrancy"",""safepoint""]","[""contract.opcode_matrix"",""opcode.ZEND_SEND_VAL_EX""]","[{""end_line"":4940,""path"":""Zend/zend_vm_def.h"",""start_line"":4929,""symbol"":""zend_cannot_pass_by_ref_helper""},{""end_line"":4977,""path"":""Zend/zend_vm_def.h"",""start_line"":4941,""symbol"":""ZEND_SEND_VAL_EX""},{""end_line"":2092,""path"":""ext/opcache/jit/zend_jit.c"",""start_line"":2092,""symbol"":""ZEND_SEND_VAL_EX""},{""end_line"":5306,""path"":""ext/opcache/jit/zend_jit_trace.c"",""start_line"":5306,""symbol"":""ZEND_SEND_VAL_EX""}]","The cited VM handler and operand declaration provide the exception, bailout, destructor paths used for this conservative annotation; JIT status uses only cited compiler cases. Dispatched helper definitions (zend_cannot_pass_by_ref_helper) are cited and included in the conservative effect union."
117,ZEND_SEND_VAR,"{""dispatches"":[],""extended"":[],""handler_style"":""ZEND_VM_HOT_HANDLER"",""op1"":[""VAR"",""CV""],""op2"":[""CONST"",""UNUSED"",""NUM""],""spec"":[],""variants"":[{""condition"":""op->op2_type == IS_UNUSED && (op1_info & (MAY_BE_UNDEF|MAY_BE_REF)) == 0"",""extended"":[],""handler_style"":""ZEND_VM_HOT_TYPE_SPEC_HANDLER"",""name"":""ZEND_SEND_VAR_SIMPLE"",""op1"":[""CV"",""VAR""],""op2"":[""NUM""],""source_line"":10578,""spec"":[]}]}",none,conditional,conditional,never,conditional,"The cited handler contains an explicit reference, indirect, dereference, or separation path; preserve alias identity and the listed ownership actions.",never,never,both,runtime.reference,not_started,not_started,"[""destructor"",""exception"",""reference""]","[""bailout"",""call_internal"",""read_memory"",""reenter_php"",""run_destructor"",""throw"",""write_memory""]","[""engine.exception"",""frame.args"",""frame.call_chain"",""frame.locals"",""frame.temps"",""heap.reference"",""heap.string"",""heap.zval"",""runtime.cache""]","[""engine.exception"",""frame.args"",""frame.call_chain"",""heap.zval""]","[""borrow"",""canonicalize"",""conditional_destroy"",""copy_addref"",""move""]","[""bailout"",""destructor"",""exception"",""reentrancy"",""safepoint""]","[""contract.opcode_matrix"",""opcode.ZEND_SEND_VAR""]","[{""end_line"":5024,""path"":""Zend/zend_vm_def.h"",""start_line"":4978,""symbol"":""ZEND_SEND_VAR""},{""end_line"":2116,""path"":""ext/opcache/jit/zend_jit.c"",""start_line"":2116,""symbol"":""ZEND_SEND_VAR""},{""end_line"":5347,""path"":""ext/opcache/jit/zend_jit_trace.c"",""start_line"":5347,""symbol"":""ZEND_SEND_VAR""}]","The cited VM handler and operand declaration provide the exception, bailout, destructor, reference/indirect paths used for this conservative annotation; JIT status uses only cited compiler cases."
118,ZEND_INIT_USER_CALL,"{""dispatches"":[],""extended"":[""NUM""],""handler_style"":""ZEND_VM_HANDLER"",""op1"":[""CONST""],""op2"":[""CONST"",""TMP"",""CV""],""spec"":[],""variants"":[]}",call_frame,conditional,conditional,never,conditional,The cited handler has no reference-specific path; ordinary zval operands may still be dereferenced only according to their declared handler forms.,never,never,partial,call.dynamic,not_started,not_started,"[""call"",""destructor"",""exception"",""zts""]","[""allocate"",""bailout"",""call_internal"",""read_memory"",""reenter_php"",""run_destructor"",""throw"",""write_memory""]","[""engine.exception"",""frame.args"",""frame.call_chain"",""frame.locals"",""frame.temps"",""heap.object"",""heap.zval"",""runtime.cache""]","[""engine.exception"",""frame.call_chain"",""gc.metadata"",""heap.zval""]","[""conditional_destroy"",""copy_addref"",""transfer""]","[""bailout"",""destructor"",""exception"",""reentrancy"",""safepoint""]","[""contract.opcode_matrix"",""opcode.ZEND_INIT_USER_CALL""]","[{""end_line"":4046,""path"":""Zend/zend_vm_def.h"",""start_line"":3975,""symbol"":""ZEND_INIT_USER_CALL""},{""end_line"":279,""path"":""ext/opcache/jit/zend_jit.c"",""start_line"":279,""symbol"":""ZEND_INIT_USER_CALL""}]","The cited VM handler and operand declaration provide the exception, bailout, destructor, allocation, ZTS executor-global paths used for this conservative annotation; JIT status uses only cited compiler cases."
119,ZEND_SEND_ARRAY,"{""dispatches"":[],""extended"":[""NUM""],""handler_style"":""ZEND_VM_HANDLER"",""op1"":[""ANY""],""op2"":[""ANY""],""spec"":[],""variants"":[]}",none,conditional,conditional,never,conditional,"The cited handler contains an explicit reference, indirect, dereference, or separation path; preserve alias identity and the listed ownership actions.",never,never,trace,runtime.reference,not_started,not_started,"[""destructor"",""exception"",""reference""]","[""allocate"",""bailout"",""call_internal"",""read_memory"",""reenter_php"",""run_destructor"",""throw"",""write_memory""]","[""engine.exception"",""frame.args"",""frame.call_chain"",""heap.array"",""heap.reference"",""heap.string"",""heap.zval""]","[""engine.exception"",""frame.args"",""frame.call_chain"",""gc.metadata"",""heap.zval""]","[""borrow"",""canonicalize"",""conditional_destroy"",""copy_addref"",""cow_separate""]","[""bailout"",""destructor"",""exception"",""reentrancy"",""safepoint""]","[""contract.opcode_matrix"",""opcode.ZEND_SEND_ARRAY""]","[{""end_line"":5671,""path"":""Zend/zend_vm_def.h"",""start_line"":5521,""symbol"":""ZEND_SEND_ARRAY""},{""end_line"":6468,""path"":""ext/opcache/jit/zend_jit_trace.c"",""start_line"":6468,""symbol"":""ZEND_SEND_ARRAY""}]","The cited VM handler and operand declaration provide the exception, bailout, destructor, allocation, reference/indirect paths used for this conservative annotation; JIT status uses only cited compiler cases."
120,ZEND_SEND_USER,"{""dispatches"":[],""extended"":[],""handler_style"":""ZEND_VM_HANDLER"",""op1"":[""CONST"",""TMP"",""CV""],""op2"":[""NUM""],""spec"":[],""variants"":[]}",none,conditional,conditional,never,conditional,"The cited handler contains an explicit reference, indirect, dereference, or separation path; preserve alias identity and the listed ownership actions.",never,never,partial,runtime.misc,not_started,not_started,"[""destructor"",""exception"",""reference""]","[""allocate"",""bailout"",""call_internal"",""read_memory"",""reenter_php"",""run_destructor"",""throw"",""write_memory""]","[""engine.exception"",""frame.args"",""frame.call_chain"",""frame.locals"",""frame.temps"",""heap.reference"",""heap.zval""]","[""engine.exception"",""frame.args"",""frame.call_chain"",""gc.metadata"",""heap.zval""]","[""borrow"",""canonicalize"",""conditional_destroy"",""copy_addref""]","[""bailout"",""destructor"",""exception"",""reentrancy"",""safepoint""]","[""contract.opcode_matrix"",""opcode.ZEND_SEND_USER""]","[{""end_line"":5692,""path"":""Zend/zend_vm_def.h"",""start_line"":5672,""symbol"":""ZEND_SEND_USER""},{""end_line"":269,""path"":""ext/opcache/jit/zend_jit.c"",""start_line"":269,""symbol"":""ZEND_SEND_USER""}]","The cited VM handler and operand declaration provide the exception, bailout, destructor, allocation, reference/indirect paths used for this conservative annotation; JIT status uses only cited compiler cases."
121,ZEND_STRLEN,"{""dispatches"":[],""extended"":[],""handler_style"":""ZEND_VM_COLD_CONST_HANDLER"",""op1"":[""CONST"",""TMP"",""CV""],""op2"":[""ANY""],""spec"":[],""variants"":[]}",temporary,conditional,conditional,never,conditional,"The cited handler contains an explicit reference, indirect, dereference, or separation path; preserve alias identity and the listed ownership actions.",never,never,both,runtime.reference,not_started,not_started,"[""destructor"",""exception"",""reference"",""zts""]","[""bailout"",""call_internal"",""read_memory"",""reenter_php"",""run_destructor"",""throw"",""write_memory""]","[""engine.exception"",""frame.call_chain"",""frame.locals"",""frame.temps"",""heap.reference"",""heap.string"",""heap.zval""]","[""engine.exception"",""frame.call_chain"",""frame.temps"",""heap.reference"",""heap.zval""]","[""canonicalize"",""conditional_destroy"",""copy_addref"",""produce_owned""]","[""bailout"",""destructor"",""exception"",""reentrancy"",""safepoint""]","[""contract.opcode_matrix"",""opcode.ZEND_STRLEN""]","[{""end_line"":8902,""path"":""Zend/zend_vm_def.h"",""start_line"":8841,""symbol"":""ZEND_STRLEN""},{""end_line"":2574,""path"":""ext/opcache/jit/zend_jit.c"",""start_line"":2574,""symbol"":""ZEND_STRLEN""},{""end_line"":6238,""path"":""ext/opcache/jit/zend_jit_trace.c"",""start_line"":6238,""symbol"":""ZEND_STRLEN""}]","The cited VM handler and operand declaration provide the exception, bailout, destructor, reference/indirect, ZTS executor-global paths used for this conservative annotation; JIT status uses only cited compiler cases."
122,ZEND_DEFINED,"{""dispatches"":[],""extended"":[""CACHE_SLOT""],""handler_style"":""ZEND_VM_HOT_HANDLER"",""op1"":[""CONST""],""op2"":[""ANY""],""spec"":[],""variants"":[]}",temporary,never,never,never,never,The cited handler has no reference-specific path; ordinary zval operands may still be dereferenced only according to their declared handler forms.,never,never,both,runtime.misc,not_started,not_started,"[""zts""]","[""call_internal"",""read_memory"",""write_memory""]","[""heap.array"",""runtime.cache""]","[""frame.temps""]","[""produce_owned""]",[],"[""contract.opcode_matrix"",""opcode.ZEND_DEFINED""]","[{""end_line"":8994,""path"":""Zend/zend_vm_def.h"",""start_line"":8972,""symbol"":""ZEND_DEFINED""},{""end_line"":2242,""path"":""ext/opcache/jit/zend_jit.c"",""start_line"":2242,""symbol"":""ZEND_DEFINED""},{""end_line"":5541,""path"":""ext/opcache/jit/zend_jit_trace.c"",""start_line"":5541,""symbol"":""ZEND_DEFINED""}]",The cited VM handler and operand declaration provide the ZTS executor-global paths used for this conservative annotation; JIT status uses only cited compiler cases.
123,ZEND_TYPE_CHECK,"{""dispatches"":[],""extended"":[""TYPE_MASK""],""handler_style"":""ZEND_VM_HOT_NOCONST_HANDLER"",""op1"":[""CONST"",""TMP"",""CV""],""op2"":[""ANY""],""spec"":[],""variants"":[]}",temporary,conditional,conditional,never,conditional,"The cited handler contains an explicit reference, indirect, dereference, or separation path; preserve alias identity and the listed ownership actions.",never,never,both,scalar.compare,not_started,not_started,"[""destructor"",""exception"",""reference"",""zts""]","[""bailout"",""call_internal"",""read_memory"",""reenter_php"",""run_destructor"",""throw"",""write_memory""]","[""engine.exception"",""frame.call_chain"",""frame.locals"",""frame.temps"",""heap.reference"",""heap.zval""]","[""engine.exception"",""frame.call_chain"",""frame.temps"",""heap.reference"",""heap.zval""]","[""canonicalize"",""conditional_destroy"",""produce_owned""]","[""bailout"",""destructor"",""exception"",""reentrancy"",""safepoint""]","[""contract.opcode_matrix"",""opcode.ZEND_TYPE_CHECK""]","[{""end_line"":8938,""path"":""Zend/zend_vm_def.h"",""start_line"":8903,""symbol"":""ZEND_TYPE_CHECK""},{""end_line"":2261,""path"":""ext/opcache/jit/zend_jit.c"",""start_line"":2261,""symbol"":""ZEND_TYPE_CHECK""},{""end_line"":5560,""path"":""ext/opcache/jit/zend_jit_trace.c"",""start_line"":5560,""symbol"":""ZEND_TYPE_CHECK""}]","The cited VM handler and operand declaration provide the exception, bailout, destructor, reference/indirect, ZTS executor-global paths used for this conservative annotation; JIT status uses only cited compiler cases."
124,ZEND_VERIFY_RETURN_TYPE,"{""dispatches"":[],""extended"":[],""handler_style"":""ZEND_VM_COLD_CONST_HANDLER"",""op1"":[""CONST"",""TMP"",""VAR"",""UNUSED"",""CV""],""op2"":[""UNUSED""],""spec"":[],""variants"":[]}",temporary,conditional,never,never,never,"The cited handler contains an explicit reference, indirect, dereference, or separation path; preserve alias identity and the listed ownership actions.",never,never,both,runtime.reference,not_started,not_started,"[""exception"",""reference"",""zts""]","[""call_internal"",""read_memory"",""throw"",""write_memory""]","[""engine.exception"",""frame.args"",""frame.call_chain"",""frame.locals"",""frame.temps"",""heap.reference""]","[""engine.exception"",""frame.temps"",""heap.reference""]","[""canonicalize"",""copy_addref"",""produce_owned""]","[""exception""]","[""contract.opcode_matrix"",""opcode.ZEND_VERIFY_RETURN_TYPE""]","[{""end_line"":4537,""path"":""Zend/zend_vm_def.h"",""start_line"":4468,""symbol"":""ZEND_VERIFY_RETURN_TYPE""},{""end_line"":2604,""path"":""ext/opcache/jit/zend_jit.c"",""start_line"":2604,""symbol"":""ZEND_VERIFY_RETURN_TYPE""},{""end_line"":6301,""path"":""ext/opcache/jit/zend_jit_trace.c"",""start_line"":6301,""symbol"":""ZEND_VERIFY_RETURN_TYPE""}]","The cited VM handler and operand declaration provide the exception, reference/indirect, ZTS executor-global paths used for this conservative annotation; JIT status uses only cited compiler cases."
125,ZEND_FE_RESET_RW,"{""dispatches"":[],""extended"":[],""handler_style"":""ZEND_VM_COLD_CONST_HANDLER"",""op1"":[""CONST"",""TMP"",""VAR"",""CV""],""op2"":[""JMP_ADDR""],""spec"":[],""variants"":[]}",temporary,conditional,conditional,conditional,conditional,"The cited handler contains an explicit reference, indirect, dereference, or separation path; preserve alias identity and the listed ownership actions.",never,conditional,trace,runtime.array,not_started,not_started,"[""destructor"",""exception"",""interrupt"",""reference"",""zts""]","[""allocate"",""bailout"",""call_internal"",""call_php"",""interrupt_boundary"",""read_memory"",""reenter_php"",""run_destructor"",""throw"",""write_memory""]","[""engine.exception"",""engine.interrupt"",""frame.call_chain"",""frame.locals"",""frame.temps"",""heap.array"",""heap.object"",""heap.reference"",""heap.zval""]","[""engine.exception"",""engine.interrupt"",""frame.call_chain"",""frame.temps"",""gc.metadata"",""heap.reference"",""heap.zval""]","[""canonicalize"",""conditional_destroy"",""copy_addref"",""cow_separate"",""move"",""produce_owned""]","[""bailout"",""destructor"",""exception"",""interrupt"",""reentrancy"",""safepoint""]","[""contract.opcode_matrix"",""opcode.ZEND_FE_RESET_RW""]","[{""end_line"":4376,""path"":""Zend/zend_execute.c"",""start_line"":4340,""symbol"":""vm_interrupt""},{""end_line"":7118,""path"":""Zend/zend_vm_def.h"",""start_line"":7020,""symbol"":""ZEND_FE_RESET_RW""},{""end_line"":17330,""path"":""ext/opcache/jit/zend_jit_ir.c"",""start_line"":17330,""symbol"":""ZEND_FE_RESET_RW""}]","The cited VM handler and operand declaration provide the exception, bailout, PHP-call/reentrancy, destructor, interrupt, allocation, reference/indirect, ZTS executor-global paths used for this conservative annotation; JIT status uses only cited compiler cases."
126,ZEND_FE_FETCH_RW,"{""dispatches"":[],""extended"":[""JMP_ADDR""],""handler_style"":""ZEND_VM_HANDLER"",""op1"":[""VAR""],""op2"":[""ANY""],""spec"":[],""variants"":[]}",temporary,conditional,conditional,never,conditional,"The cited handler contains an explicit reference, indirect, dereference, or separation path; preserve alias identity and the listed ownership actions.",never,never,trace,runtime.reference,not_started,not_started,"[""destructor"",""exception"",""reference"",""zts""]","[""allocate"",""bailout"",""call_internal"",""read_memory"",""reenter_php"",""run_destructor"",""throw"",""write_memory""]","[""engine.exception"",""frame.call_chain"",""frame.temps"",""heap.array"",""heap.object"",""heap.reference"",""heap.string"",""heap.zval""]","[""engine.exception"",""frame.call_chain"",""frame.temps"",""gc.metadata"",""heap.reference"",""heap.zval""]","[""canonicalize"",""conditional_destroy"",""copy_addref"",""move"",""produce_owned""]","[""bailout"",""destructor"",""exception"",""reentrancy"",""safepoint""]","[""contract.opcode_matrix"",""opcode.ZEND_FE_FETCH_RW""]","[{""end_line"":7527,""path"":""Zend/zend_vm_def.h"",""start_line"":7325,""symbol"":""ZEND_FE_FETCH_RW""},{""end_line"":17336,""path"":""ext/opcache/jit/zend_jit_ir.c"",""start_line"":17336,""symbol"":""ZEND_FE_FETCH_RW""}]","The cited VM handler and operand declaration provide the exception, bailout, destructor, allocation, reference/indirect, ZTS executor-global paths used for this conservative annotation; JIT status uses only cited compiler cases."
127,ZEND_FE_FREE,"{""dispatches"":[],""extended"":[],""handler_style"":""ZEND_VM_HOT_HANDLER"",""op1"":[""TMPVAR""],""op2"":[""LOOP_END""],""spec"":[],""variants"":[]}",none,conditional,conditional,never,conditional,"The cited handler contains an explicit reference, indirect, dereference, or separation path; preserve alias identity and the listed ownership actions.",never,never,both,runtime.reference,not_started,not_started,"[""destructor"",""exception"",""reference""]","[""bailout"",""call_internal"",""read_memory"",""reenter_php"",""run_destructor"",""throw"",""write_memory""]","[""engine.exception"",""frame.call_chain"",""frame.temps"",""heap.array"",""heap.reference"",""heap.zval""]","[""engine.exception"",""frame.call_chain"",""heap.zval""]","[""borrow"",""canonicalize"",""conditional_destroy""]","[""bailout"",""destructor"",""exception"",""reentrancy"",""safepoint""]","[""contract.opcode_matrix"",""opcode.ZEND_FE_FREE""]","[{""end_line"":3307,""path"":""Zend/zend_vm_def.h"",""start_line"":3283,""symbol"":""ZEND_FE_FREE""},{""end_line"":2559,""path"":""ext/opcache/jit/zend_jit.c"",""start_line"":2559,""symbol"":""ZEND_FE_FREE""},{""end_line"":6221,""path"":""ext/opcache/jit/zend_jit_trace.c"",""start_line"":6221,""symbol"":""ZEND_FE_FREE""}]","The cited VM handler and operand declaration provide the exception, bailout, destructor, reference/indirect paths used for this conservative annotation; JIT status uses only cited compiler cases."
128,ZEND_INIT_DYNAMIC_CALL,"{""dispatches"":[],""extended"":[""NUM""],""handler_style"":""ZEND_VM_HANDLER"",""op1"":[""ANY""],""op2"":[""CONST"",""TMP"",""CV""],""spec"":[],""variants"":[]}",call_frame,conditional,conditional,never,conditional,"The cited handler contains an explicit reference, indirect, dereference, or separation path; preserve alias identity and the listed ownership actions.",never,never,trace,call.dynamic,not_started,not_started,"[""call"",""destructor"",""exception"",""reference"",""zts""]","[""bailout"",""call_internal"",""read_memory"",""reenter_php"",""run_destructor"",""throw"",""write_memory""]","[""engine.exception"",""frame.args"",""frame.call_chain"",""frame.locals"",""frame.temps"",""heap.array"",""heap.object"",""heap.reference"",""heap.string"",""heap.zval""]","[""engine.exception"",""frame.call_chain"",""heap.zval""]","[""canonicalize"",""conditional_destroy"",""transfer""]","[""bailout"",""destructor"",""exception"",""reentrancy"",""safepoint""]","[""contract.opcode_matrix"",""opcode.ZEND_INIT_DYNAMIC_CALL""]","[{""end_line"":3974,""path"":""Zend/zend_vm_def.h"",""start_line"":3922,""symbol"":""ZEND_INIT_DYNAMIC_CALL""},{""end_line"":6457,""path"":""ext/opcache/jit/zend_jit_trace.c"",""start_line"":6457,""symbol"":""ZEND_INIT_DYNAMIC_CALL""}]","The cited VM handler and operand declaration provide the exception, bailout, destructor, reference/indirect, ZTS executor-global paths used for this conservative annotation; JIT status uses only cited compiler cases."
129,ZEND_DO_ICALL,"{""dispatches"":[],""extended"":[],""handler_style"":""ZEND_VM_HOT_HANDLER"",""op1"":[""ANY""],""op2"":[""ANY""],""spec"":[""RETVAL"",""OBSERVER""],""variants"":[]}",temporary,conditional,conditional,conditional,conditional,"The cited handler contains an explicit reference, indirect, dereference, or separation path; preserve alias identity and the listed ownership actions.",conditional,conditional,both,call.dynamic,not_started,not_started,"[""call"",""destructor"",""exception"",""interrupt"",""observer"",""reference"",""zts""]","[""bailout"",""call_internal"",""call_php"",""interrupt_boundary"",""observe_frame"",""read_memory"",""reenter_php"",""run_destructor"",""throw"",""write_memory""]","[""engine.exception"",""engine.interrupt"",""engine.observer"",""frame.args"",""frame.call_chain"",""heap.reference"",""heap.zval""]","[""engine.exception"",""engine.interrupt"",""frame.call_chain"",""frame.temps"",""heap.reference"",""heap.zval""]","[""canonicalize"",""conditional_destroy"",""produce_owned""]","[""bailout"",""destructor"",""exception"",""interrupt"",""observer"",""reentrancy"",""safepoint""]","[""contract.opcode_matrix"",""opcode.ZEND_DO_ICALL""]","[{""end_line"":4376,""path"":""Zend/zend_execute.c"",""start_line"":4340,""symbol"":""vm_interrupt""},{""end_line"":4195,""path"":""Zend/zend_vm_def.h"",""start_line"":4127,""symbol"":""ZEND_DO_ICALL""},{""end_line"":2162,""path"":""ext/opcache/jit/zend_jit.c"",""start_line"":2162,""symbol"":""ZEND_DO_ICALL""},{""end_line"":5433,""path"":""ext/opcache/jit/zend_jit_trace.c"",""start_line"":5433,""symbol"":""ZEND_DO_ICALL""}]","The cited VM handler and operand declaration provide the exception, bailout, PHP-call/reentrancy, destructor, observer, interrupt, reference/indirect, ZTS executor-global paths used for this conservative annotation; JIT status uses only cited compiler cases."
130,ZEND_DO_UCALL,"{""dispatches"":[],""extended"":[],""handler_style"":""ZEND_VM_HOT_HANDLER"",""op1"":[""ANY""],""op2"":[""ANY""],""spec"":[""RETVAL"",""OBSERVER""],""variants"":[]}",temporary,conditional,conditional,conditional,never,The cited handler has no reference-specific path; ordinary zval operands may still be dereferenced only according to their declared handler forms.,conditional,never,both,call.dynamic,not_started,not_started,"[""call"",""exception"",""observer""]","[""bailout"",""call_php"",""observe_frame"",""read_memory"",""reenter_php"",""throw"",""write_memory""]","[""engine.exception"",""engine.observer"",""frame.args"",""frame.call_chain"",""heap.zval""]","[""engine.exception"",""frame.call_chain"",""frame.temps"",""heap.zval""]","[""produce_owned""]","[""bailout"",""exception"",""observer"",""reentrancy"",""safepoint""]","[""contract.opcode_matrix"",""opcode.ZEND_DO_UCALL""]","[{""end_line"":4220,""path"":""Zend/zend_vm_def.h"",""start_line"":4196,""symbol"":""ZEND_DO_UCALL""},{""end_line"":2160,""path"":""ext/opcache/jit/zend_jit.c"",""start_line"":2160,""symbol"":""ZEND_DO_UCALL""},{""end_line"":5432,""path"":""ext/opcache/jit/zend_jit_trace.c"",""start_line"":5432,""symbol"":""ZEND_DO_UCALL""}]","The cited VM handler and operand declaration provide the exception, bailout, PHP-call/reentrancy, observer paths used for this conservative annotation; JIT status uses only cited compiler cases."
131,ZEND_DO_FCALL_BY_NAME,"{""dispatches"":[],""extended"":[],""handler_style"":""ZEND_VM_HOT_HANDLER"",""op1"":[""ANY""],""op2"":[""ANY""],""spec"":[""RETVAL"",""OBSERVER""],""variants"":[]}",temporary,conditional,conditional,conditional,conditional,"The cited handler contains an explicit reference, indirect, dereference, or separation path; preserve alias identity and the listed ownership actions.",conditional,conditional,both,call.dynamic,not_started,not_started,"[""call"",""destructor"",""exception"",""interrupt"",""observer"",""reference"",""zts""]","[""bailout"",""call_internal"",""call_php"",""interrupt_boundary"",""observe_frame"",""read_memory"",""reenter_php"",""run_destructor"",""throw"",""write_memory""]","[""engine.exception"",""engine.interrupt"",""engine.observer"",""frame.args"",""frame.call_chain"",""heap.reference"",""heap.zval""]","[""engine.exception"",""engine.interrupt"",""frame.call_chain"",""frame.temps"",""heap.reference"",""heap.zval""]","[""canonicalize"",""conditional_destroy"",""produce_owned""]","[""bailout"",""destructor"",""exception"",""interrupt"",""observer"",""reentrancy"",""safepoint""]","[""contract.opcode_matrix"",""opcode.ZEND_DO_FCALL_BY_NAME""]","[{""end_line"":4376,""path"":""Zend/zend_execute.c"",""start_line"":4340,""symbol"":""vm_interrupt""},{""end_line"":4336,""path"":""Zend/zend_vm_def.h"",""start_line"":4221,""symbol"":""ZEND_DO_FCALL_BY_NAME""},{""end_line"":2163,""path"":""ext/opcache/jit/zend_jit.c"",""start_line"":2163,""symbol"":""ZEND_DO_FCALL_BY_NAME""},{""end_line"":5434,""path"":""ext/opcache/jit/zend_jit_trace.c"",""start_line"":5434,""symbol"":""ZEND_DO_FCALL_BY_NAME""}]","The cited VM handler and operand declaration provide the exception, bailout, PHP-call/reentrancy, destructor, observer, interrupt, reference/indirect, ZTS executor-global paths used for this conservative annotation; JIT status uses only cited compiler cases."
132,ZEND_PRE_INC_OBJ,"{""dispatches"":[],""extended"":[""CACHE_SLOT""],""handler_style"":""ZEND_VM_HANDLER"",""op1"":[""VAR"",""UNUSED"",""THIS"",""CV""],""op2"":[""CONST"",""TMP"",""CV""],""spec"":[],""variants"":[]}",in_place,conditional,conditional,never,conditional,"The cited handler contains an explicit reference, indirect, dereference, or separation path; preserve alias identity and the listed ownership actions.",never,never,both,runtime.object,not_started,not_started,"[""destructor"",""exception"",""reference""]","[""bailout"",""call_internal"",""read_memory"",""reenter_php"",""run_destructor"",""throw"",""write_memory""]","[""engine.exception"",""frame.call_chain"",""frame.locals"",""frame.temps"",""heap.object"",""heap.reference"",""heap.string"",""heap.zval"",""runtime.cache""]","[""engine.exception"",""frame.call_chain"",""frame.locals"",""heap.reference"",""heap.zval""]","[""borrow"",""canonicalize"",""conditional_destroy""]","[""bailout"",""destructor"",""exception"",""reentrancy"",""safepoint""]","[""contract.opcode_matrix"",""opcode.ZEND_PRE_INC_OBJ""]","[{""end_line"":1352,""path"":""Zend/zend_vm_def.h"",""start_line"":1287,""symbol"":""ZEND_PRE_INC_OBJ""},{""end_line"":1879,""path"":""ext/opcache/jit/zend_jit.c"",""start_line"":1879,""symbol"":""ZEND_PRE_INC_OBJ""},{""end_line"":4803,""path"":""ext/opcache/jit/zend_jit_trace.c"",""start_line"":4803,""symbol"":""ZEND_PRE_INC_OBJ""}]","The cited VM handler and operand declaration provide the exception, bailout, destructor, reference/indirect paths used for this conservative annotation; JIT status uses only cited compiler cases."
133,ZEND_PRE_DEC_OBJ,"{""dispatches"":[{""kind"":""handler"",""source_line"":1355,""target"":""ZEND_PRE_INC_OBJ"",""target_end_line"":1352,""target_start_line"":1287}],""extended"":[""CACHE_SLOT""],""handler_style"":""ZEND_VM_HANDLER"",""op1"":[""VAR"",""UNUSED"",""THIS"",""CV""],""op2"":[""CONST"",""TMP"",""CV""],""spec"":[],""variants"":[]}",in_place,conditional,conditional,never,conditional,The cited dispatched handler carries the target opcode's reference and indirect-zval semantics.,never,never,both,runtime.object,not_started,not_started,"[""destructor"",""exception"",""reference""]","[""bailout"",""call_internal"",""read_memory"",""reenter_php"",""run_destructor"",""throw"",""write_memory""]","[""engine.exception"",""frame.call_chain"",""frame.locals"",""frame.temps"",""heap.object"",""heap.reference"",""heap.string"",""heap.zval"",""runtime.cache""]","[""engine.exception"",""frame.call_chain"",""frame.locals"",""heap.reference"",""heap.zval""]","[""borrow"",""canonicalize"",""conditional_destroy""]","[""bailout"",""destructor"",""exception"",""reentrancy"",""safepoint""]","[""contract.opcode_matrix"",""opcode.ZEND_PRE_DEC_OBJ""]","[{""end_line"":1352,""path"":""Zend/zend_vm_def.h"",""start_line"":1287,""symbol"":""ZEND_PRE_INC_OBJ""},{""end_line"":1357,""path"":""Zend/zend_vm_def.h"",""start_line"":1353,""symbol"":""ZEND_PRE_DEC_OBJ""},{""end_line"":1880,""path"":""ext/opcache/jit/zend_jit.c"",""start_line"":1880,""symbol"":""ZEND_PRE_DEC_OBJ""},{""end_line"":4804,""path"":""ext/opcache/jit/zend_jit_trace.c"",""start_line"":4804,""symbol"":""ZEND_PRE_DEC_OBJ""}]",The cited VM handler and operand declaration provide the ordinary operand/result paths used for this conservative annotation; JIT status uses only cited compiler cases. Dispatched handler definitions (ZEND_PRE_INC_OBJ) are cited and included in the conservative effect union.
134,ZEND_POST_INC_OBJ,"{""dispatches"":[],""extended"":[""CACHE_SLOT""],""handler_style"":""ZEND_VM_HANDLER"",""op1"":[""VAR"",""UNUSED"",""THIS"",""CV""],""op2"":[""CONST"",""TMP"",""CV""],""spec"":[],""variants"":[]}",in_place,conditional,conditional,never,conditional,"The cited handler contains an explicit reference, indirect, dereference, or separation path; preserve alias identity and the listed ownership actions.",never,never,both,runtime.object,not_started,not_started,"[""destructor"",""exception"",""reference""]","[""bailout"",""call_internal"",""read_memory"",""reenter_php"",""run_destructor"",""throw"",""write_memory""]","[""engine.exception"",""frame.call_chain"",""frame.locals"",""frame.temps"",""heap.object"",""heap.reference"",""heap.string"",""heap.zval"",""runtime.cache""]","[""engine.exception"",""frame.call_chain"",""frame.locals"",""heap.reference"",""heap.zval""]","[""borrow"",""canonicalize"",""conditional_destroy""]","[""bailout"",""destructor"",""exception"",""reentrancy"",""safepoint""]","[""contract.opcode_matrix"",""opcode.ZEND_POST_INC_OBJ""]","[{""end_line"":1421,""path"":""Zend/zend_vm_def.h"",""start_line"":1358,""symbol"":""ZEND_POST_INC_OBJ""},{""end_line"":1881,""path"":""ext/opcache/jit/zend_jit.c"",""start_line"":1881,""symbol"":""ZEND_POST_INC_OBJ""},{""end_line"":4805,""path"":""ext/opcache/jit/zend_jit_trace.c"",""start_line"":4805,""symbol"":""ZEND_POST_INC_OBJ""}]","The cited VM handler and operand declaration provide the exception, bailout, destructor, reference/indirect paths used for this conservative annotation; JIT status uses only cited compiler cases."
135,ZEND_POST_DEC_OBJ,"{""dispatches"":[{""kind"":""handler"",""source_line"":1424,""target"":""ZEND_POST_INC_OBJ"",""target_end_line"":1421,""target_start_line"":1358}],""extended"":[""CACHE_SLOT""],""handler_style"":""ZEND_VM_HANDLER"",""op1"":[""VAR"",""UNUSED"",""THIS"",""CV""],""op2"":[""CONST"",""TMP"",""CV""],""spec"":[],""variants"":[]}",in_place,conditional,conditional,never,conditional,The cited dispatched handler carries the target opcode's reference and indirect-zval semantics.,never,never,both,runtime.object,not_started,not_started,"[""destructor"",""exception"",""reference""]","[""bailout"",""call_internal"",""read_memory"",""reenter_php"",""run_destructor"",""throw"",""write_memory""]","[""engine.exception"",""frame.call_chain"",""frame.locals"",""frame.temps"",""heap.object"",""heap.reference"",""heap.string"",""heap.zval"",""runtime.cache""]","[""engine.exception"",""frame.call_chain"",""frame.locals"",""heap.reference"",""heap.zval""]","[""borrow"",""canonicalize"",""conditional_destroy""]","[""bailout"",""destructor"",""exception"",""reentrancy"",""safepoint""]","[""contract.opcode_matrix"",""opcode.ZEND_POST_DEC_OBJ""]","[{""end_line"":1421,""path"":""Zend/zend_vm_def.h"",""start_line"":1358,""symbol"":""ZEND_POST_INC_OBJ""},{""end_line"":1427,""path"":""Zend/zend_vm_def.h"",""start_line"":1422,""symbol"":""ZEND_POST_DEC_OBJ""},{""end_line"":1882,""path"":""ext/opcache/jit/zend_jit.c"",""start_line"":1882,""symbol"":""ZEND_POST_DEC_OBJ""},{""end_line"":4806,""path"":""ext/opcache/jit/zend_jit_trace.c"",""start_line"":4806,""symbol"":""ZEND_POST_DEC_OBJ""}]",The cited VM handler and operand declaration provide the ordinary operand/result paths used for this conservative annotation; JIT status uses only cited compiler cases. Dispatched handler definitions (ZEND_POST_INC_OBJ) are cited and included in the conservative effect union.
136,ZEND_ECHO,"{""dispatches"":[],""extended"":[],""handler_style"":""ZEND_VM_HANDLER"",""op1"":[""CONST"",""TMP"",""CV""],""op2"":[""ANY""],""spec"":[],""variants"":[]}",temporary,conditional,conditional,never,conditional,The cited handler has no reference-specific path; ordinary zval operands may still be dereferenced only according to their declared handler forms.,never,never,both,runtime.misc,not_started,not_started,"[""destructor"",""exception"",""external_io""]","[""bailout"",""call_internal"",""external_io"",""read_memory"",""reenter_php"",""run_destructor"",""throw"",""write_memory""]","[""engine.exception"",""external.state"",""frame.call_chain"",""frame.locals"",""frame.temps"",""heap.string"",""heap.zval""]","[""engine.exception"",""external.state"",""frame.call_chain"",""frame.temps"",""heap.zval""]","[""conditional_destroy"",""produce_owned""]","[""bailout"",""destructor"",""exception"",""reentrancy"",""safepoint""]","[""contract.opcode_matrix"",""opcode.ZEND_ECHO""]","[{""end_line"":1722,""path"":""Zend/zend_vm_def.h"",""start_line"":1694,""symbol"":""ZEND_ECHO""},{""end_line"":2565,""path"":""ext/opcache/jit/zend_jit.c"",""start_line"":2565,""symbol"":""ZEND_ECHO""},{""end_line"":6228,""path"":""ext/opcache/jit/zend_jit_trace.c"",""start_line"":6228,""symbol"":""ZEND_ECHO""}]","The cited VM handler and operand declaration provide the exception, bailout, destructor paths used for this conservative annotation; JIT status uses only cited compiler cases."
137,ZEND_OP_DATA,"{""dispatches"":[],""extended"":[],""handler_style"":""ZEND_VM_DEFINE_OP"",""op1"":[""ANY""],""op2"":[""ANY""],""spec"":[],""variants"":[]}",metadata,never,never,never,never,The cited handler has no reference-specific path; ordinary zval operands may still be dereferenced only according to their declared handler forms.,never,never,partial,runtime.misc,not_started,not_started,[],[],[],[],[],[],"[""contract.opcode_matrix"",""opcode.ZEND_OP_DATA""]","[{""end_line"":10711,""path"":""Zend/zend_vm_def.h"",""start_line"":10710,""symbol"":""ZEND_OP_DATA""},{""end_line"":2756,""path"":""ext/opcache/jit/zend_jit.c"",""start_line"":2756,""symbol"":""ZEND_OP_DATA""}]",The cited VM definition is an explicit control/metadata no-op with pure/no-memory/no-ownership behavior; it contains no semantic value access.
138,ZEND_INSTANCEOF,"{""dispatches"":[],""extended"":[""CACHE_SLOT""],""handler_style"":""ZEND_VM_HANDLER"",""op1"":[""TMP"",""CV""],""op2"":[""UNUSED"",""CLASS_FETCH"",""CONST"",""VAR""],""spec"":[],""variants"":[]}",temporary,conditional,conditional,never,conditional,"The cited handler contains an explicit reference, indirect, dereference, or separation path; preserve alias identity and the listed ownership actions.",never,never,partial,runtime.reference,not_started,not_started,"[""destructor"",""exception"",""reference""]","[""bailout"",""call_internal"",""read_memory"",""reenter_php"",""run_destructor"",""throw"",""write_memory""]","[""engine.class_table"",""engine.exception"",""frame.call_chain"",""frame.locals"",""frame.temps"",""heap.object"",""heap.reference"",""heap.zval"",""runtime.cache""]","[""engine.exception"",""frame.call_chain"",""frame.temps"",""heap.reference"",""heap.zval""]","[""canonicalize"",""conditional_destroy"",""produce_owned""]","[""bailout"",""destructor"",""exception"",""reentrancy"",""safepoint""]","[""contract.opcode_matrix"",""opcode.ZEND_INSTANCEOF""]","[{""end_line"":8154,""path"":""Zend/zend_vm_def.h"",""start_line"":8110,""symbol"":""ZEND_INSTANCEOF""},{""end_line"":295,""path"":""ext/opcache/jit/zend_jit_trace.c"",""start_line"":295,""symbol"":""ZEND_INSTANCEOF""}]","The cited VM handler and operand declaration provide the exception, bailout, destructor, reference/indirect paths used for this conservative annotation; JIT status uses only cited compiler cases."
139,ZEND_GENERATOR_CREATE,"{""dispatches"":[{""kind"":""helper"",""source_line"":4766,""target"":""zend_leave_helper"",""target_end_line"":3127,""target_start_line"":2986}],""extended"":[],""handler_style"":""ZEND_VM_HANDLER"",""op1"":[""ANY""],""op2"":[""ANY""],""spec"":[],""variants"":[]}",suspend,conditional,never,never,conditional,The cited handler has no reference-specific path; ordinary zval operands may still be dereferenced only according to their declared handler forms.,never,never,partial,suspend.generator,not_started,not_started,"[""destructor"",""exception"",""generator"",""zts""]","[""allocate"",""call_internal"",""read_memory"",""resume"",""run_destructor"",""suspend"",""throw"",""write_memory""]","[""engine.exception"",""engine.generator"",""heap.array"",""heap.object"",""heap.zval""]","[""engine.exception"",""engine.generator"",""frame.call_chain"",""gc.metadata"",""heap.array"",""heap.object"",""heap.zval""]","[""conditional_destroy"",""transfer""]","[""destructor"",""exception"",""safepoint"",""suspend""]","[""contract.opcode_matrix"",""opcode.ZEND_GENERATOR_CREATE""]","[{""end_line"":3127,""path"":""Zend/zend_vm_def.h"",""start_line"":2986,""symbol"":""zend_leave_helper""},{""end_line"":4769,""path"":""Zend/zend_vm_def.h"",""start_line"":4692,""symbol"":""ZEND_GENERATOR_CREATE""},{""end_line"":2779,""path"":""ext/opcache/jit/zend_jit.c"",""start_line"":2779,""symbol"":""ZEND_GENERATOR_CREATE""}]","The cited VM handler and operand declaration provide the exception, allocation, ZTS executor-global paths used for this conservative annotation; JIT status uses only cited compiler cases. Dispatched helper definitions (zend_leave_helper) are cited and included in the conservative effect union."
140,ZEND_MAKE_REF,"{""dispatches"":[],""extended"":[],""handler_style"":""ZEND_VM_HANDLER"",""op1"":[""VAR"",""CV""],""op2"":[""UNUSED""],""spec"":[],""variants"":[]}",temporary,never,never,never,never,"The cited handler contains an explicit reference, indirect, dereference, or separation path; preserve alias identity and the listed ownership actions.",never,never,none,runtime.reference,not_started,not_started,"[""reference""]","[""read_memory"",""write_memory""]","[""frame.locals"",""frame.temps"",""heap.reference""]","[""frame.temps"",""heap.reference""]","[""canonicalize"",""copy_addref"",""move"",""produce_owned""]",[],"[""contract.opcode_matrix"",""opcode.ZEND_MAKE_REF""]","[{""end_line"":9413,""path"":""Zend/zend_vm_def.h"",""start_line"":9381,""symbol"":""ZEND_MAKE_REF""}]",The cited VM handler and operand declaration provide the reference/indirect paths used for this conservative annotation; JIT status uses only cited compiler cases.
141,ZEND_DECLARE_FUNCTION,"{""dispatches"":[],""extended"":[],""handler_style"":""ZEND_VM_HANDLER"",""op1"":[""ANY""],""op2"":[""NUM""],""spec"":[],""variants"":[]}",none,conditional,never,never,never,The cited handler has no reference-specific path; ordinary zval operands may still be dereferenced only according to their declared handler forms.,never,never,none,runtime.declaration,not_started,not_started,"[""exception""]","[""read_memory"",""throw"",""write_memory""]","[""engine.exception""]","[""engine.exception"",""engine.function_table""]","[""borrow""]","[""exception""]","[""contract.opcode_matrix"",""opcode.ZEND_DECLARE_FUNCTION""]","[{""end_line"":8092,""path"":""Zend/zend_vm_def.h"",""start_line"":8082,""symbol"":""ZEND_DECLARE_FUNCTION""}]",The cited VM handler and operand declaration provide the exception paths used for this conservative annotation; JIT status uses only cited compiler cases.
142,ZEND_DECLARE_LAMBDA_FUNCTION,"{""dispatches"":[],""extended"":[""NUM"",""CACHE_SLOT""],""handler_style"":""ZEND_VM_HANDLER"",""op1"":[""UNUSED""],""op2"":[""NUM""],""spec"":[],""variants"":[]}",none,never,never,never,never,The cited handler has no reference-specific path; ordinary zval operands may still be dereferenced only according to their declared handler forms.,never,never,none,runtime.declaration,not_started,not_started,[],"[""allocate"",""call_internal"",""read_memory"",""write_memory""]","[""heap.object""]","[""engine.function_table"",""gc.metadata"",""heap.zval""]","[""borrow""]","[""safepoint""]","[""contract.opcode_matrix"",""opcode.ZEND_DECLARE_LAMBDA_FUNCTION""]","[{""end_line"":8450,""path"":""Zend/zend_vm_def.h"",""start_line"":8412,""symbol"":""ZEND_DECLARE_LAMBDA_FUNCTION""}]",The cited VM handler and operand declaration provide the allocation paths used for this conservative annotation; JIT status uses only cited compiler cases.
143,ZEND_DECLARE_CONST,"{""dispatches"":[],""extended"":[],""handler_style"":""ZEND_VM_HANDLER"",""op1"":[""CONST""],""op2"":[""CONST""],""spec"":[],""variants"":[]}",none,conditional,conditional,never,conditional,The cited handler has no reference-specific path; ordinary zval operands may still be dereferenced only according to their declared handler forms.,never,never,none,runtime.declaration,not_started,not_started,"[""destructor"",""exception""]","[""bailout"",""call_internal"",""read_memory"",""reenter_php"",""run_destructor"",""throw"",""write_memory""]","[""engine.exception"",""frame.call_chain"",""heap.string"",""heap.zval""]","[""engine.exception"",""frame.call_chain"",""heap.zval"",""runtime.symbol_table""]","[""borrow"",""conditional_destroy"",""copy_addref""]","[""bailout"",""destructor"",""exception"",""reentrancy"",""safepoint""]","[""contract.opcode_matrix"",""opcode.ZEND_DECLARE_CONST""]","[{""end_line"":8369,""path"":""Zend/zend_vm_def.h"",""start_line"":8338,""symbol"":""ZEND_DECLARE_CONST""}]","The cited VM handler and operand declaration provide the exception, bailout, destructor paths used for this conservative annotation; JIT status uses only cited compiler cases."
144,ZEND_DECLARE_CLASS,"{""dispatches"":[],""extended"":[],""handler_style"":""ZEND_VM_HANDLER"",""op1"":[""CONST""],""op2"":[""ANY""],""spec"":[],""variants"":[]}",none,conditional,never,never,never,The cited handler has no reference-specific path; ordinary zval operands may still be dereferenced only according to their declared handler forms.,never,never,none,runtime.declaration,not_started,not_started,"[""exception""]","[""read_memory"",""throw"",""write_memory""]","[""engine.exception""]","[""engine.class_table"",""engine.exception""]","[""borrow""]","[""exception""]","[""contract.opcode_matrix"",""opcode.ZEND_DECLARE_CLASS""]","[{""end_line"":8036,""path"":""Zend/zend_vm_def.h"",""start_line"":8028,""symbol"":""ZEND_DECLARE_CLASS""}]",The cited VM handler and operand declaration provide the exception paths used for this conservative annotation; JIT status uses only cited compiler cases.
145,ZEND_DECLARE_CLASS_DELAYED,"{""dispatches"":[],""extended"":[],""handler_style"":""ZEND_VM_HANDLER"",""op1"":[""CONST""],""op2"":[""CONST""],""spec"":[],""variants"":[]}",none,conditional,never,never,never,The cited handler has no reference-specific path; ordinary zval operands may still be dereferenced only according to their declared handler forms.,never,never,none,runtime.declaration,not_started,not_started,"[""exception"",""zts""]","[""call_internal"",""read_memory"",""throw"",""write_memory""]","[""engine.class_table"",""engine.exception"",""heap.array"",""runtime.cache""]","[""engine.class_table"",""engine.exception""]","[""borrow""]","[""exception""]","[""contract.opcode_matrix"",""opcode.ZEND_DECLARE_CLASS_DELAYED""]","[{""end_line"":8056,""path"":""Zend/zend_vm_def.h"",""start_line"":8037,""symbol"":""ZEND_DECLARE_CLASS_DELAYED""}]","The cited VM handler and operand declaration provide the exception, ZTS executor-global paths used for this conservative annotation; JIT status uses only cited compiler cases."
146,ZEND_DECLARE_ANON_CLASS,"{""dispatches"":[],""extended"":[""CACHE_SLOT""],""handler_style"":""ZEND_VM_HANDLER"",""op1"":[""ANY""],""op2"":[""ANY""],""spec"":[],""variants"":[]}",none,conditional,never,never,never,The cited handler has no reference-specific path; ordinary zval operands may still be dereferenced only according to their declared handler forms.,never,never,partial,runtime.declaration,not_started,not_started,"[""exception"",""zts""]","[""call_internal"",""read_memory"",""throw"",""write_memory""]","[""engine.class_table"",""engine.exception"",""heap.array"",""heap.string"",""runtime.cache""]","[""engine.class_table"",""engine.exception""]","[""borrow""]","[""exception""]","[""contract.opcode_matrix"",""opcode.ZEND_DECLARE_ANON_CLASS""]","[{""end_line"":8081,""path"":""Zend/zend_vm_def.h"",""start_line"":8057,""symbol"":""ZEND_DECLARE_ANON_CLASS""},{""end_line"":293,""path"":""ext/opcache/jit/zend_jit.c"",""start_line"":293,""symbol"":""ZEND_DECLARE_ANON_CLASS""}]","The cited VM handler and operand declaration provide the exception, ZTS executor-global paths used for this conservative annotation; JIT status uses only cited compiler cases."
147,ZEND_ADD_ARRAY_UNPACK,"{""dispatches"":[],""extended"":[],""handler_style"":""ZEND_VM_HANDLER"",""op1"":[""ANY""],""op2"":[""ANY""],""spec"":[],""variants"":[]}",temporary,conditional,conditional,conditional,conditional,"The cited handler contains an explicit reference, indirect, dereference, or separation path; preserve alias identity and the listed ownership actions.",never,never,none,runtime.array,not_started,not_started,"[""destructor"",""exception"",""reference"",""zts""]","[""bailout"",""call_internal"",""call_php"",""read_memory"",""reenter_php"",""run_destructor"",""throw"",""write_memory""]","[""engine.exception"",""frame.call_chain"",""heap.array"",""heap.object"",""heap.reference"",""heap.string"",""heap.zval""]","[""engine.exception"",""frame.call_chain"",""frame.temps"",""heap.reference"",""heap.zval""]","[""canonicalize"",""conditional_destroy"",""copy_addref"",""produce_owned""]","[""bailout"",""destructor"",""exception"",""reentrancy"",""safepoint""]","[""contract.opcode_matrix"",""opcode.ZEND_ADD_ARRAY_UNPACK""]","[{""end_line"":6533,""path"":""Zend/zend_vm_def.h"",""start_line"":6395,""symbol"":""ZEND_ADD_ARRAY_UNPACK""}]","The cited VM handler and operand declaration provide the exception, bailout, PHP-call/reentrancy, destructor, reference/indirect, ZTS executor-global paths used for this conservative annotation; JIT status uses only cited compiler cases."
148,ZEND_ISSET_ISEMPTY_PROP_OBJ,"{""dispatches"":[],""extended"":[""ISSET"",""CACHE_SLOT""],""handler_style"":""ZEND_VM_COLD_CONST_HANDLER"",""op1"":[""CONST"",""TMP"",""UNUSED"",""THIS"",""CV""],""op2"":[""CONST"",""TMP"",""CV""],""spec"":[],""variants"":[]}",temporary,conditional,conditional,conditional,conditional,"The cited handler contains an explicit reference, indirect, dereference, or separation path; preserve alias identity and the listed ownership actions.",never,never,partial,runtime.object,not_started,not_started,"[""destructor"",""exception"",""reference""]","[""bailout"",""call_internal"",""call_php"",""read_memory"",""reenter_php"",""run_destructor"",""throw"",""write_memory""]","[""engine.exception"",""frame.call_chain"",""frame.locals"",""frame.temps"",""heap.object"",""heap.reference"",""heap.string"",""heap.zval"",""runtime.cache""]","[""engine.exception"",""frame.call_chain"",""frame.temps"",""heap.reference"",""heap.zval""]","[""canonicalize"",""conditional_destroy"",""produce_owned""]","[""bailout"",""destructor"",""exception"",""reentrancy"",""safepoint""]","[""contract.opcode_matrix"",""opcode.ZEND_ISSET_ISEMPTY_PROP_OBJ""]","[{""end_line"":7743,""path"":""Zend/zend_vm_def.h"",""start_line"":7694,""symbol"":""ZEND_ISSET_ISEMPTY_PROP_OBJ""},{""end_line"":293,""path"":""ext/opcache/jit/zend_jit_trace.c"",""start_line"":293,""symbol"":""ZEND_ISSET_ISEMPTY_PROP_OBJ""}]","The cited VM handler and operand declaration provide the exception, bailout, PHP-call/reentrancy, destructor, reference/indirect paths used for this conservative annotation; JIT status uses only cited compiler cases."
149,ZEND_HANDLE_EXCEPTION,"{""dispatches"":[{""kind"":""helper"",""source_line"":8252,""target"":""zend_dispatch_try_catch_finally_helper"",""target_end_line"":8245,""target_start_line"":8169}],""extended"":[],""handler_style"":""ZEND_VM_HANDLER"",""op1"":[""ANY""],""op2"":[""ANY""],""spec"":[],""variants"":[]}",exception,conditional,conditional,never,conditional,The cited handler has no reference-specific path; ordinary zval operands may still be dereferenced only according to their declared handler forms.,conditional,never,none,runtime.exception,not_started,not_started,"[""destructor"",""exception"",""observer"",""zts""]","[""bailout"",""call_internal"",""observe_frame"",""read_memory"",""reenter_php"",""run_destructor"",""throw"",""write_memory""]","[""engine.class_table"",""engine.exception"",""engine.observer"",""frame.call_chain"",""frame.temps"",""heap.object"",""heap.zval""]","[""engine.exception"",""engine.observer"",""frame.call_chain"",""frame.temps"",""gc.metadata"",""heap.object"",""heap.zval""]","[""conditional_destroy"",""transfer""]","[""bailout"",""destructor"",""exception"",""observer"",""reentrancy"",""safepoint""]","[""contract.opcode_matrix"",""opcode.ZEND_HANDLE_EXCEPTION""]","[{""end_line"":8245,""path"":""Zend/zend_vm_def.h"",""start_line"":8169,""symbol"":""zend_dispatch_try_catch_finally_helper""},{""end_line"":8305,""path"":""Zend/zend_vm_def.h"",""start_line"":8246,""symbol"":""ZEND_HANDLE_EXCEPTION""}]","The cited VM handler and operand declaration provide the exception, bailout, destructor, ZTS executor-global paths used for this conservative annotation; JIT status uses only cited compiler cases. Dispatched helper definitions (zend_dispatch_try_catch_finally_helper) are cited and included in the conservative effect union."
150,ZEND_USER_OPCODE,"{""dispatches"":[{""kind"":""helper"",""source_line"":8325,""target"":""zend_leave_helper"",""target_end_line"":3127,""target_start_line"":2986}],""extended"":[],""handler_style"":""ZEND_VM_HANDLER"",""op1"":[""ANY""],""op2"":[""ANY""],""spec"":[],""variants"":[]}",none,conditional,conditional,conditional,conditional,The cited handler has no reference-specific path; ordinary zval operands may still be dereferenced only according to their declared handler forms.,never,never,none,suspend.generator,not_started,not_started,"[""call"",""destructor"",""exception"",""generator"",""zts""]","[""bailout"",""call_internal"",""call_php"",""read_memory"",""reenter_php"",""run_destructor"",""throw"",""write_memory""]","[""engine.exception"",""engine.generator"",""frame.args"",""frame.call_chain"",""heap.array"",""heap.object"",""heap.zval""]","[""engine.exception"",""frame.call_chain"",""gc.metadata"",""heap.array"",""heap.object"",""heap.zval""]","[""borrow"",""conditional_destroy""]","[""bailout"",""destructor"",""exception"",""reentrancy"",""safepoint""]","[""contract.opcode_matrix"",""opcode.ZEND_USER_OPCODE""]","[{""end_line"":3127,""path"":""Zend/zend_vm_def.h"",""start_line"":2986,""symbol"":""zend_leave_helper""},{""end_line"":8337,""path"":""Zend/zend_vm_def.h"",""start_line"":8306,""symbol"":""ZEND_USER_OPCODE""}]","The cited VM handler and operand declaration provide the exception, bailout, PHP-call/reentrancy, ZTS executor-global paths used for this conservative annotation; JIT status uses only cited compiler cases. Dispatched helper definitions (zend_leave_helper) are cited and included in the conservative effect union."
151,ZEND_ASSERT_CHECK,"{""dispatches"":[],""extended"":[],""handler_style"":""ZEND_VM_HANDLER"",""op1"":[""ANY""],""op2"":[""JMP_ADDR""],""spec"":[],""variants"":[]}",control,never,never,never,never,The cited handler has no reference-specific path; ordinary zval operands may still be dereferenced only according to their declared handler forms.,never,never,partial,control.branch,not_started,not_started,"[""zts""]","[""read_memory"",""write_memory""]","[""frame.call_chain""]","[""frame.call_chain""]","[""borrow""]",[],"[""contract.opcode_matrix"",""opcode.ZEND_ASSERT_CHECK""]","[{""end_line"":9009,""path"":""Zend/zend_vm_def.h"",""start_line"":8995,""symbol"":""ZEND_ASSERT_CHECK""},{""end_line"":291,""path"":""ext/opcache/jit/zend_jit.c"",""start_line"":291,""symbol"":""ZEND_ASSERT_CHECK""}]",The cited VM handler and operand declaration provide the ZTS executor-global paths used for this conservative annotation; JIT status uses only cited compiler cases.
152,ZEND_JMP_SET,"{""dispatches"":[],""extended"":[],""handler_style"":""ZEND_VM_COLD_CONST_HANDLER"",""op1"":[""CONST"",""TMP"",""CV""],""op2"":[""JMP_ADDR""],""spec"":[],""variants"":[]}",control,conditional,conditional,never,conditional,"The cited handler contains an explicit reference, indirect, dereference, or separation path; preserve alias identity and the listed ownership actions.",never,never,trace,control.branch,not_started,not_started,"[""destructor"",""exception"",""reference"",""zts""]","[""bailout"",""read_memory"",""reenter_php"",""run_destructor"",""throw"",""write_memory""]","[""engine.exception"",""frame.call_chain"",""frame.locals"",""frame.temps"",""heap.reference"",""heap.zval""]","[""engine.exception"",""frame.call_chain"",""heap.zval""]","[""borrow"",""canonicalize"",""conditional_destroy"",""copy_addref"",""move""]","[""bailout"",""destructor"",""exception"",""reentrancy"",""safepoint""]","[""contract.opcode_matrix"",""opcode.ZEND_JMP_SET""]","[{""end_line"":7868,""path"":""Zend/zend_vm_def.h"",""start_line"":7822,""symbol"":""ZEND_JMP_SET""},{""end_line"":17326,""path"":""ext/opcache/jit/zend_jit_ir.c"",""start_line"":17326,""symbol"":""ZEND_JMP_SET""}]","The cited VM handler and operand declaration provide the exception, bailout, destructor, reference/indirect, ZTS executor-global paths used for this conservative annotation; JIT status uses only cited compiler cases."
153,ZEND_UNSET_CV,"{""dispatches"":[],""extended"":[],""handler_style"":""ZEND_VM_HANDLER"",""op1"":[""CV""],""op2"":[""UNUSED""],""spec"":[],""variants"":[]}",none,conditional,conditional,never,conditional,"The cited handler contains an explicit reference, indirect, dereference, or separation path; preserve alias identity and the listed ownership actions.",never,never,none,runtime.variable,not_started,not_started,"[""destructor"",""exception"",""reference""]","[""bailout"",""read_memory"",""reenter_php"",""run_destructor"",""throw"",""write_memory""]","[""engine.exception"",""frame.call_chain"",""frame.locals"",""heap.reference"",""heap.zval""]","[""engine.exception"",""frame.call_chain"",""frame.locals"",""heap.zval""]","[""borrow"",""canonicalize"",""conditional_destroy""]","[""bailout"",""destructor"",""exception"",""reentrancy"",""safepoint""]","[""contract.opcode_matrix"",""opcode.ZEND_UNSET_CV""]","[{""end_line"":6705,""path"":""Zend/zend_vm_def.h"",""start_line"":6688,""symbol"":""ZEND_UNSET_CV""}]","The cited VM handler and operand declaration provide the exception, bailout, destructor, reference/indirect paths used for this conservative annotation; JIT status uses only cited compiler cases."
154,ZEND_ISSET_ISEMPTY_CV,"{""dispatches"":[],""extended"":[""ISSET""],""handler_style"":""ZEND_VM_HOT_HANDLER"",""op1"":[""CV""],""op2"":[""UNUSED""],""spec"":[""ISSET""],""variants"":[]}",temporary,never,never,never,never,"The cited handler contains an explicit reference, indirect, dereference, or separation path; preserve alias identity and the listed ownership actions.",never,never,both,runtime.variable,not_started,not_started,"[""reference""]","[""read_memory"",""write_memory""]","[""frame.locals"",""heap.reference""]","[""frame.temps"",""heap.reference""]","[""canonicalize"",""produce_owned""]",[],"[""contract.opcode_matrix"",""opcode.ZEND_ISSET_ISEMPTY_CV""]","[{""end_line"":7549,""path"":""Zend/zend_vm_def.h"",""start_line"":7528,""symbol"":""ZEND_ISSET_ISEMPTY_CV""},{""end_line"":2338,""path"":""ext/opcache/jit/zend_jit.c"",""start_line"":2338,""symbol"":""ZEND_ISSET_ISEMPTY_CV""},{""end_line"":5776,""path"":""ext/opcache/jit/zend_jit_trace.c"",""start_line"":5776,""symbol"":""ZEND_ISSET_ISEMPTY_CV""}]",The cited VM handler and operand declaration provide the reference/indirect paths used for this conservative annotation; JIT status uses only cited compiler cases.
155,ZEND_FETCH_LIST_W,"{""dispatches"":[],""extended"":[],""handler_style"":""ZEND_VM_HANDLER"",""op1"":[""VAR""],""op2"":[""CONST"",""TMP"",""CV""],""spec"":[],""variants"":[]}",temporary,conditional,conditional,never,conditional,"The cited handler contains an explicit reference, indirect, dereference, or separation path; preserve alias identity and the listed ownership actions.",never,never,both,runtime.reference,not_started,not_started,"[""destructor"",""exception"",""reference""]","[""bailout"",""call_internal"",""read_memory"",""reenter_php"",""run_destructor"",""throw"",""write_memory""]","[""engine.exception"",""frame.call_chain"",""frame.locals"",""frame.temps"",""heap.array"",""heap.reference"",""heap.zval""]","[""engine.exception"",""frame.call_chain"",""frame.temps"",""heap.reference"",""heap.zval""]","[""canonicalize"",""conditional_destroy"",""produce_owned""]","[""bailout"",""destructor"",""exception"",""reentrancy"",""safepoint""]","[""contract.opcode_matrix"",""opcode.ZEND_FETCH_LIST_W""]","[{""end_line"":2488,""path"":""Zend/zend_vm_def.h"",""start_line"":2466,""symbol"":""ZEND_FETCH_LIST_W""},{""end_line"":2409,""path"":""ext/opcache/jit/zend_jit.c"",""start_line"":2409,""symbol"":""ZEND_FETCH_LIST_W""},{""end_line"":5914,""path"":""ext/opcache/jit/zend_jit_trace.c"",""start_line"":5914,""symbol"":""ZEND_FETCH_LIST_W""}]","The cited VM handler and operand declaration provide the exception, bailout, destructor, reference/indirect paths used for this conservative annotation; JIT status uses only cited compiler cases."
156,ZEND_SEPARATE,"{""dispatches"":[],""extended"":[],""handler_style"":""ZEND_VM_HANDLER"",""op1"":[""VAR""],""op2"":[""UNUSED""],""spec"":[],""variants"":[]}",temporary,never,never,never,never,"The cited handler contains an explicit reference, indirect, dereference, or separation path; preserve alias identity and the listed ownership actions.",never,never,none,runtime.misc,not_started,not_started,"[""reference""]","[""read_memory"",""write_memory""]","[""frame.temps"",""heap.reference""]","[""frame.temps"",""heap.reference""]","[""canonicalize"",""cow_separate"",""produce_owned""]",[],"[""contract.opcode_matrix"",""opcode.ZEND_SEPARATE""]","[{""end_line"":8466,""path"":""Zend/zend_vm_def.h"",""start_line"":8452,""symbol"":""ZEND_SEPARATE""}]",The cited VM handler and operand declaration provide the reference/indirect paths used for this conservative annotation; JIT status uses only cited compiler cases.
157,ZEND_FETCH_CLASS_NAME,"{""dispatches"":[],""extended"":[],""handler_style"":""ZEND_VM_HANDLER"",""op1"":[""CV"",""TMP"",""UNUSED"",""CLASS_FETCH""],""op2"":[""ANY""],""spec"":[],""variants"":[]}",temporary,conditional,conditional,never,conditional,"The cited handler contains an explicit reference, indirect, dereference, or separation path; preserve alias identity and the listed ownership actions.",never,never,none,runtime.variable,not_started,not_started,"[""destructor"",""exception"",""reference""]","[""bailout"",""call_internal"",""read_memory"",""reenter_php"",""run_destructor"",""throw"",""write_memory""]","[""engine.class_table"",""engine.exception"",""frame.call_chain"",""frame.locals"",""frame.temps"",""heap.object"",""heap.reference"",""heap.zval""]","[""engine.exception"",""frame.call_chain"",""frame.temps"",""heap.reference"",""heap.zval""]","[""canonicalize"",""conditional_destroy"",""produce_owned""]","[""bailout"",""destructor"",""exception"",""reentrancy"",""safepoint""]","[""contract.opcode_matrix"",""opcode.ZEND_FETCH_CLASS_NAME""]","[{""end_line"":9071,""path"":""Zend/zend_vm_def.h"",""start_line"":9010,""symbol"":""ZEND_FETCH_CLASS_NAME""}]","The cited VM handler and operand declaration provide the exception, bailout, destructor, reference/indirect paths used for this conservative annotation; JIT status uses only cited compiler cases."
158,ZEND_CALL_TRAMPOLINE,"{""dispatches"":[],""extended"":[],""handler_style"":""ZEND_VM_HANDLER"",""op1"":[""ANY""],""op2"":[""ANY""],""spec"":[""OBSERVER""],""variants"":[]}",temporary,conditional,conditional,conditional,conditional,"The cited handler contains an explicit reference, indirect, dereference, or separation path; preserve alias identity and the listed ownership actions.",conditional,never,none,call.dynamic,not_started,not_started,"[""call"",""destructor"",""exception"",""observer"",""reference"",""zts""]","[""allocate"",""bailout"",""call_internal"",""call_php"",""observe_frame"",""read_memory"",""reenter_php"",""run_destructor"",""throw"",""write_memory""]","[""engine.exception"",""engine.observer"",""frame.args"",""frame.call_chain"",""heap.array"",""heap.object"",""heap.reference"",""heap.zval"",""runtime.cache""]","[""engine.exception"",""frame.call_chain"",""frame.temps"",""gc.metadata"",""heap.reference"",""heap.zval""]","[""canonicalize"",""conditional_destroy"",""copy_addref"",""cow_separate"",""produce_owned""]","[""bailout"",""destructor"",""exception"",""observer"",""reentrancy"",""safepoint""]","[""contract.opcode_matrix"",""opcode.ZEND_CALL_TRAMPOLINE""]","[{""end_line"":9219,""path"":""Zend/zend_vm_def.h"",""start_line"":9072,""symbol"":""ZEND_CALL_TRAMPOLINE""}]","The cited VM handler and operand declaration provide the exception, bailout, PHP-call/reentrancy, destructor, observer, allocation, reference/indirect, ZTS executor-global paths used for this conservative annotation; JIT status uses only cited compiler cases."
159,ZEND_DISCARD_EXCEPTION,"{""dispatches"":[],""extended"":[],""handler_style"":""ZEND_VM_HANDLER"",""op1"":[""ANY""],""op2"":[""ANY""],""spec"":[],""variants"":[]}",exception,conditional,conditional,never,conditional,The cited handler has no reference-specific path; ordinary zval operands may still be dereferenced only according to their declared handler forms.,never,never,none,runtime.exception,not_started,not_started,"[""destructor"",""exception"",""finally""]","[""bailout"",""call_internal"",""read_memory"",""reenter_php"",""run_destructor"",""throw"",""write_memory""]","[""engine.exception"",""frame.call_chain"",""heap.zval""]","[""engine.exception"",""frame.call_chain"",""heap.zval""]","[""conditional_destroy"",""transfer""]","[""bailout"",""destructor"",""exception"",""reentrancy"",""safepoint""]","[""contract.opcode_matrix"",""opcode.ZEND_DISCARD_EXCEPTION""]","[{""end_line"":8729,""path"":""Zend/zend_vm_def.h"",""start_line"":8702,""symbol"":""ZEND_DISCARD_EXCEPTION""}]","The cited VM handler and operand declaration provide the exception, bailout, destructor paths used for this conservative annotation; JIT status uses only cited compiler cases."
160,ZEND_YIELD,"{""dispatches"":[{""kind"":""helper"",""source_line"":8487,""target"":""zend_yield_in_closed_generator_helper"",""target_end_line"":8478,""target_start_line"":8467}],""extended"":[""SRC""],""handler_style"":""ZEND_VM_HANDLER"",""op1"":[""CONST"",""TMP"",""VAR"",""CV"",""UNUSED""],""op2"":[""CONST"",""TMP"",""CV"",""UNUSED""],""spec"":[],""variants"":[]}",suspend,conditional,conditional,never,conditional,"The cited handler contains an explicit reference, indirect, dereference, or separation path; preserve alias identity and the listed ownership actions.",never,never,partial,suspend.generator,not_started,not_started,"[""destructor"",""exception"",""generator"",""reference"",""zts""]","[""bailout"",""call_internal"",""read_memory"",""reenter_php"",""run_destructor"",""suspend"",""throw"",""write_memory""]","[""engine.exception"",""engine.generator"",""frame.call_chain"",""frame.locals"",""frame.temps"",""heap.reference"",""heap.zval""]","[""engine.exception"",""engine.generator"",""frame.call_chain"",""gc.metadata"",""heap.zval""]","[""canonicalize"",""conditional_destroy"",""copy_addref"",""move"",""transfer""]","[""bailout"",""destructor"",""exception"",""reentrancy"",""safepoint"",""suspend""]","[""contract.opcode_matrix"",""opcode.ZEND_YIELD""]","[{""end_line"":8478,""path"":""Zend/zend_vm_def.h"",""start_line"":8467,""symbol"":""zend_yield_in_closed_generator_helper""},{""end_line"":8599,""path"":""Zend/zend_vm_def.h"",""start_line"":8479,""symbol"":""ZEND_YIELD""},{""end_line"":2785,""path"":""ext/opcache/jit/zend_jit.c"",""start_line"":2785,""symbol"":""ZEND_YIELD""}]","The cited VM handler and operand declaration provide the exception, bailout, destructor, reference/indirect, ZTS executor-global paths used for this conservative annotation; JIT status uses only cited compiler cases. Dispatched helper definitions (zend_yield_in_closed_generator_helper) are cited and included in the conservative effect union."
161,ZEND_GENERATOR_RETURN,"{""dispatches"":[],""extended"":[],""handler_style"":""ZEND_VM_HANDLER"",""op1"":[""CONST"",""TMP"",""VAR"",""CV""],""op2"":[""ANY""],""spec"":[""OBSERVER""],""variants"":[]}",return,conditional,conditional,never,conditional,"The cited handler contains an explicit reference, indirect, dereference, or separation path; preserve alias identity and the listed ownership actions.",conditional,never,partial,control.return,not_started,not_started,"[""destructor"",""exception"",""generator"",""observer"",""reference"",""zts""]","[""bailout"",""call_internal"",""observe_frame"",""read_memory"",""reenter_php"",""run_destructor"",""terminate"",""throw"",""write_memory""]","[""engine.exception"",""engine.generator"",""engine.observer"",""frame.args"",""frame.call_chain"",""frame.locals"",""frame.temps"",""heap.reference"",""heap.zval""]","[""engine.exception"",""frame.call_chain"",""heap.zval""]","[""canonicalize"",""conditional_destroy"",""copy_addref"",""move"",""transfer""]","[""bailout"",""destructor"",""exception"",""observer"",""reentrancy"",""safepoint""]","[""contract.opcode_matrix"",""opcode.ZEND_GENERATOR_RETURN""]","[{""end_line"":4816,""path"":""Zend/zend_vm_def.h"",""start_line"":4770,""symbol"":""ZEND_GENERATOR_RETURN""},{""end_line"":2780,""path"":""ext/opcache/jit/zend_jit.c"",""start_line"":2780,""symbol"":""ZEND_GENERATOR_RETURN""}]","The cited VM handler and operand declaration provide the exception, bailout, destructor, observer, reference/indirect, ZTS executor-global paths used for this conservative annotation; JIT status uses only cited compiler cases."
162,ZEND_FAST_CALL,"{""dispatches"":[],""extended"":[],""handler_style"":""ZEND_VM_HANDLER"",""op1"":[""JMP_ADDR""],""op2"":[""ANY""],""spec"":[],""variants"":[]}",control,never,never,never,never,The cited handler has no reference-specific path; ordinary zval operands may still be dereferenced only according to their declared handler forms.,never,never,partial,control.branch,not_started,not_started,"[""finally""]","[""read_memory"",""write_memory""]","[""frame.call_chain""]","[""frame.call_chain""]","[""borrow""]",[],"[""contract.opcode_matrix"",""opcode.ZEND_FAST_CALL""]","[{""end_line"":8740,""path"":""Zend/zend_vm_def.h"",""start_line"":8730,""symbol"":""ZEND_FAST_CALL""},{""end_line"":280,""path"":""ext/opcache/jit/zend_jit.c"",""start_line"":280,""symbol"":""ZEND_FAST_CALL""}]",The cited VM handler and operand declaration provide the ordinary operand/result paths used for this conservative annotation; JIT status uses only cited compiler cases.
163,ZEND_FAST_RET,"{""dispatches"":[{""kind"":""helper"",""source_line"":8758,""target"":""zend_dispatch_try_catch_finally_helper"",""target_end_line"":8245,""target_start_line"":8169}],""extended"":[],""handler_style"":""ZEND_VM_HANDLER"",""op1"":[""ANY""],""op2"":[""TRY_CATCH""],""spec"":[],""variants"":[]}",control,conditional,never,never,conditional,The cited handler has no reference-specific path; ordinary zval operands may still be dereferenced only according to their declared handler forms.,conditional,never,partial,control.branch,not_started,not_started,"[""destructor"",""exception"",""finally"",""observer"",""zts""]","[""call_internal"",""observe_frame"",""read_memory"",""run_destructor"",""throw"",""write_memory""]","[""engine.exception"",""engine.observer"",""frame.call_chain"",""frame.temps"",""heap.object"",""heap.zval""]","[""engine.exception"",""engine.observer"",""frame.call_chain"",""frame.temps"",""gc.metadata"",""heap.object"",""heap.zval""]","[""borrow"",""conditional_destroy""]","[""destructor"",""exception"",""observer""]","[""contract.opcode_matrix"",""opcode.ZEND_FAST_RET""]","[{""end_line"":8245,""path"":""Zend/zend_vm_def.h"",""start_line"":8169,""symbol"":""zend_dispatch_try_catch_finally_helper""},{""end_line"":8760,""path"":""Zend/zend_vm_def.h"",""start_line"":8741,""symbol"":""ZEND_FAST_RET""},{""end_line"":2778,""path"":""ext/opcache/jit/zend_jit.c"",""start_line"":2778,""symbol"":""ZEND_FAST_RET""}]","The cited VM handler and operand declaration provide the exception, ZTS executor-global paths used for this conservative annotation; JIT status uses only cited compiler cases. Dispatched helper definitions (zend_dispatch_try_catch_finally_helper) are cited and included in the conservative effect union."
164,ZEND_RECV_VARIADIC,"{""dispatches"":[],""extended"":[],""handler_style"":""ZEND_VM_HANDLER"",""op1"":[""NUM""],""op2"":[""UNUSED""],""spec"":[],""variants"":[]}",none,conditional,never,never,never,"The cited handler contains an explicit reference, indirect, dereference, or separation path; preserve alias identity and the listed ownership actions.",never,never,none,runtime.misc,not_started,not_started,"[""exception"",""reference""]","[""allocate"",""call_internal"",""read_memory"",""throw"",""write_memory""]","[""engine.exception"",""frame.args"",""frame.call_chain"",""heap.array"",""heap.reference"",""heap.string""]","[""engine.exception"",""frame.args"",""gc.metadata"",""heap.zval""]","[""borrow"",""canonicalize"",""copy_addref"",""cow_separate""]","[""exception"",""safepoint""]","[""contract.opcode_matrix"",""opcode.ZEND_RECV_VARIADIC""]","[{""end_line"":5905,""path"":""Zend/zend_vm_def.h"",""start_line"":5834,""symbol"":""ZEND_RECV_VARIADIC""}]","The cited VM handler and operand declaration provide the exception, allocation, reference/indirect paths used for this conservative annotation; JIT status uses only cited compiler cases."
165,ZEND_SEND_UNPACK,"{""dispatches"":[],""extended"":[],""handler_style"":""ZEND_VM_HANDLER"",""op1"":[""ANY""],""op2"":[""ANY""],""spec"":[],""variants"":[]}",none,conditional,conditional,conditional,conditional,"The cited handler contains an explicit reference, indirect, dereference, or separation path; preserve alias identity and the listed ownership actions.",never,never,trace,runtime.reference,not_started,not_started,"[""destructor"",""exception"",""reference"",""zts""]","[""allocate"",""bailout"",""call_internal"",""call_php"",""read_memory"",""reenter_php"",""run_destructor"",""throw"",""write_memory""]","[""engine.exception"",""frame.args"",""frame.call_chain"",""heap.array"",""heap.object"",""heap.reference"",""heap.string"",""heap.zval""]","[""engine.exception"",""frame.args"",""frame.call_chain"",""gc.metadata"",""heap.zval""]","[""borrow"",""canonicalize"",""conditional_destroy"",""copy_addref"",""cow_separate"",""move""]","[""bailout"",""destructor"",""exception"",""reentrancy"",""safepoint""]","[""contract.opcode_matrix"",""opcode.ZEND_SEND_UNPACK""]","[{""end_line"":5520,""path"":""Zend/zend_vm_def.h"",""start_line"":5303,""symbol"":""ZEND_SEND_UNPACK""},{""end_line"":6469,""path"":""ext/opcache/jit/zend_jit_trace.c"",""start_line"":6469,""symbol"":""ZEND_SEND_UNPACK""}]","The cited VM handler and operand declaration provide the exception, bailout, PHP-call/reentrancy, destructor, allocation, reference/indirect, ZTS executor-global paths used for this conservative annotation; JIT status uses only cited compiler cases."
166,ZEND_YIELD_FROM,"{""dispatches"":[],""extended"":[],""handler_style"":""ZEND_VM_HANDLER"",""op1"":[""CONST"",""TMP"",""CV""],""op2"":[""ANY""],""spec"":[],""variants"":[]}",suspend,conditional,conditional,conditional,conditional,"The cited handler contains an explicit reference, indirect, dereference, or separation path; preserve alias identity and the listed ownership actions.",never,never,partial,suspend.generator,not_started,not_started,"[""destructor"",""exception"",""generator"",""reference"",""zts""]","[""bailout"",""call_internal"",""call_php"",""read_memory"",""reenter_php"",""resume"",""run_destructor"",""suspend"",""throw"",""write_memory""]","[""engine.exception"",""engine.generator"",""frame.call_chain"",""frame.locals"",""frame.temps"",""heap.object"",""heap.reference"",""heap.zval""]","[""engine.exception"",""engine.generator"",""frame.call_chain"",""heap.zval""]","[""canonicalize"",""conditional_destroy"",""copy_addref"",""move"",""transfer""]","[""bailout"",""destructor"",""exception"",""reentrancy"",""safepoint"",""suspend""]","[""contract.opcode_matrix"",""opcode.ZEND_YIELD_FROM""]","[{""end_line"":8701,""path"":""Zend/zend_vm_def.h"",""start_line"":8600,""symbol"":""ZEND_YIELD_FROM""},{""end_line"":2786,""path"":""ext/opcache/jit/zend_jit.c"",""start_line"":2786,""symbol"":""ZEND_YIELD_FROM""}]","The cited VM handler and operand declaration provide the exception, bailout, PHP-call/reentrancy, destructor, reference/indirect, ZTS executor-global paths used for this conservative annotation; JIT status uses only cited compiler cases."
167,ZEND_COPY_TMP,"{""dispatches"":[],""extended"":[],""handler_style"":""ZEND_VM_HANDLER"",""op1"":[""TMPVAR""],""op2"":[""UNUSED""],""spec"":[],""variants"":[]}",temporary,never,never,never,never,The cited handler has no reference-specific path; ordinary zval operands may still be dereferenced only according to their declared handler forms.,never,never,none,runtime.misc,not_started,not_started,[],"[""read_memory"",""write_memory""]","[""frame.temps""]","[""frame.temps""]","[""copy_addref"",""produce_owned""]",[],"[""contract.opcode_matrix"",""opcode.ZEND_COPY_TMP""]","[{""end_line"":9843,""path"":""Zend/zend_vm_def.h"",""start_line"":9835,""symbol"":""ZEND_COPY_TMP""}]",The cited VM handler and operand declaration provide the ordinary operand/result paths used for this conservative annotation; JIT status uses only cited compiler cases.
168,ZEND_BIND_GLOBAL,"{""dispatches"":[],""extended"":[""CACHE_SLOT""],""handler_style"":""ZEND_VM_HOT_HANDLER"",""op1"":[""CV""],""op2"":[""CONST""],""spec"":[],""variants"":[]}",in_place,conditional,conditional,never,conditional,"The cited handler contains an explicit reference, indirect, dereference, or separation path; preserve alias identity and the listed ownership actions.",never,never,both,runtime.reference,not_started,not_started,"[""destructor"",""exception"",""reference"",""zts""]","[""bailout"",""call_internal"",""read_memory"",""reenter_php"",""run_destructor"",""throw"",""write_memory""]","[""engine.exception"",""frame.call_chain"",""frame.locals"",""heap.array"",""heap.reference"",""heap.string"",""heap.zval"",""runtime.cache"",""runtime.symbol_table""]","[""engine.exception"",""frame.call_chain"",""frame.locals"",""heap.reference"",""heap.zval""]","[""borrow"",""canonicalize"",""conditional_destroy"",""copy_addref""]","[""bailout"",""destructor"",""exception"",""reentrancy"",""safepoint""]","[""contract.opcode_matrix"",""opcode.ZEND_BIND_GLOBAL""]","[{""end_line"":8840,""path"":""Zend/zend_vm_def.h"",""start_line"":8761,""symbol"":""ZEND_BIND_GLOBAL""},{""end_line"":2536,""path"":""ext/opcache/jit/zend_jit.c"",""start_line"":2536,""symbol"":""ZEND_BIND_GLOBAL""},{""end_line"":6171,""path"":""ext/opcache/jit/zend_jit_trace.c"",""start_line"":6171,""symbol"":""ZEND_BIND_GLOBAL""}]","The cited VM handler and operand declaration provide the exception, bailout, destructor, reference/indirect, ZTS executor-global paths used for this conservative annotation; JIT status uses only cited compiler cases."
169,ZEND_COALESCE,"{""dispatches"":[],""extended"":[],""handler_style"":""ZEND_VM_COLD_CONST_HANDLER"",""op1"":[""CONST"",""TMP"",""CV""],""op2"":[""JMP_ADDR""],""spec"":[],""variants"":[]}",control,conditional,conditional,never,conditional,"The cited handler contains an explicit reference, indirect, dereference, or separation path; preserve alias identity and the listed ownership actions.",never,never,trace,control.branch,not_started,not_started,"[""destructor"",""exception"",""reference""]","[""bailout"",""read_memory"",""reenter_php"",""run_destructor"",""throw"",""write_memory""]","[""engine.exception"",""frame.call_chain"",""frame.locals"",""frame.temps"",""heap.reference"",""heap.zval""]","[""engine.exception"",""frame.call_chain"",""heap.zval""]","[""borrow"",""canonicalize"",""conditional_destroy"",""copy_addref"",""move""]","[""bailout"",""destructor"",""exception"",""reentrancy"",""safepoint""]","[""contract.opcode_matrix"",""opcode.ZEND_COALESCE""]","[{""end_line"":7909,""path"":""Zend/zend_vm_def.h"",""start_line"":7869,""symbol"":""ZEND_COALESCE""},{""end_line"":17327,""path"":""ext/opcache/jit/zend_jit_ir.c"",""start_line"":17327,""symbol"":""ZEND_COALESCE""}]","The cited VM handler and operand declaration provide the exception, bailout, destructor, reference/indirect paths used for this conservative annotation; JIT status uses only cited compiler cases."
170,ZEND_SPACESHIP,"{""dispatches"":[],""extended"":[],""handler_style"":""ZEND_VM_COLD_CONSTCONST_HANDLER"",""op1"":[""CONST"",""TMP"",""CV""],""op2"":[""CONST"",""TMP"",""CV""],""spec"":[],""variants"":[]}",temporary,conditional,conditional,never,conditional,The cited handler has no reference-specific path; ordinary zval operands may still be dereferenced only according to their declared handler forms.,never,never,none,scalar.compare,not_started,not_started,"[""destructor"",""exception""]","[""bailout"",""read_memory"",""reenter_php"",""run_destructor"",""throw"",""write_memory""]","[""engine.exception"",""frame.call_chain"",""frame.locals"",""frame.temps"",""heap.zval""]","[""engine.exception"",""frame.call_chain"",""frame.temps"",""heap.zval""]","[""conditional_destroy"",""produce_owned""]","[""bailout"",""destructor"",""exception"",""reentrancy"",""safepoint""]","[""contract.opcode_matrix"",""opcode.ZEND_SPACESHIP""]","[{""end_line"":801,""path"":""Zend/zend_vm_def.h"",""start_line"":788,""symbol"":""ZEND_SPACESHIP""}]","The cited VM handler and operand declaration provide the exception, bailout, destructor paths used for this conservative annotation; JIT status uses only cited compiler cases."
171,ZEND_FUNC_NUM_ARGS,"{""dispatches"":[],""extended"":[],""handler_style"":""ZEND_VM_HANDLER"",""op1"":[""UNUSED""],""op2"":[""UNUSED""],""spec"":[],""variants"":[]}",temporary,never,never,never,never,The cited handler has no reference-specific path; ordinary zval operands may still be dereferenced only according to their declared handler forms.,never,never,none,runtime.misc,not_started,not_started,[],"[""read_memory"",""write_memory""]","[""frame.args"",""frame.call_chain""]","[""frame.temps""]","[""produce_owned""]",[],"[""contract.opcode_matrix"",""opcode.ZEND_FUNC_NUM_ARGS""]","[{""end_line"":9757,""path"":""Zend/zend_vm_def.h"",""start_line"":9750,""symbol"":""ZEND_FUNC_NUM_ARGS""}]",The cited VM handler and operand declaration provide the ordinary operand/result paths used for this conservative annotation; JIT status uses only cited compiler cases.
172,ZEND_FUNC_GET_ARGS,"{""dispatches"":[],""extended"":[],""handler_style"":""ZEND_VM_HANDLER"",""op1"":[""UNUSED"",""CONST""],""op2"":[""UNUSED""],""spec"":[],""variants"":[]}",temporary,never,never,never,never,"The cited handler contains an explicit reference, indirect, dereference, or separation path; preserve alias identity and the listed ownership actions.",never,never,none,runtime.reference,not_started,not_started,"[""reference""]","[""allocate"",""call_internal"",""read_memory"",""write_memory""]","[""frame.args"",""frame.call_chain"",""heap.array"",""heap.reference""]","[""frame.temps"",""gc.metadata"",""heap.reference"",""heap.zval""]","[""canonicalize"",""produce_owned""]","[""safepoint""]","[""contract.opcode_matrix"",""opcode.ZEND_FUNC_GET_ARGS""]","[{""end_line"":9834,""path"":""Zend/zend_vm_def.h"",""start_line"":9758,""symbol"":""ZEND_FUNC_GET_ARGS""}]","The cited VM handler and operand declaration provide the allocation, reference/indirect paths used for this conservative annotation; JIT status uses only cited compiler cases."
173,ZEND_FETCH_STATIC_PROP_R,"{""dispatches"":[{""kind"":""helper"",""source_line"":1895,""target"":""zend_fetch_static_prop_helper"",""target_end_line"":1892,""target_start_line"":1858}],""extended"":[""CACHE_SLOT""],""handler_style"":""ZEND_VM_HANDLER"",""op1"":[""ANY""],""op2"":[""CLASS_FETCH""],""spec"":[],""variants"":[]}",temporary,conditional,never,never,never,The cited handler has no reference-specific path; ordinary zval operands may still be dereferenced only according to their declared handler forms.,never,never,both,runtime.object,not_started,not_started,"[""exception"",""reference""]","[""call_internal"",""read_memory"",""throw"",""write_memory""]","[""engine.exception"",""frame.temps"",""heap.object"",""heap.reference"",""runtime.cache""]","[""engine.exception"",""frame.temps"",""heap.object""]","[""borrow"",""canonicalize"",""copy_addref"",""produce_owned""]","[""exception""]","[""contract.opcode_matrix"",""opcode.ZEND_FETCH_STATIC_PROP_R""]","[{""end_line"":1892,""path"":""Zend/zend_vm_def.h"",""start_line"":1858,""symbol"":""zend_fetch_static_prop_helper""},{""end_line"":1898,""path"":""Zend/zend_vm_def.h"",""start_line"":1893,""symbol"":""ZEND_FETCH_STATIC_PROP_R""},{""end_line"":2520,""path"":""ext/opcache/jit/zend_jit.c"",""start_line"":2520,""symbol"":""ZEND_FETCH_STATIC_PROP_R""},{""end_line"":6155,""path"":""ext/opcache/jit/zend_jit_trace.c"",""start_line"":6155,""symbol"":""ZEND_FETCH_STATIC_PROP_R""}]",The cited VM handler and operand declaration provide the exception paths used for this conservative annotation; JIT status uses only cited compiler cases. Dispatched helper definitions (zend_fetch_static_prop_helper) are cited and included in the conservative effect union.
174,ZEND_FETCH_STATIC_PROP_W,"{""dispatches"":[{""kind"":""helper"",""source_line"":1901,""target"":""zend_fetch_static_prop_helper"",""target_end_line"":1892,""target_start_line"":1858}],""extended"":[""FETCH_REF"",""DIM_WRITE"",""CACHE_SLOT""],""handler_style"":""ZEND_VM_HANDLER"",""op1"":[""ANY""],""op2"":[""CLASS_FETCH""],""spec"":[],""variants"":[]}",temporary,conditional,never,never,never,The cited handler has no reference-specific path; ordinary zval operands may still be dereferenced only according to their declared handler forms.,never,never,both,runtime.object,not_started,not_started,"[""exception"",""reference""]","[""call_internal"",""read_memory"",""throw"",""write_memory""]","[""engine.exception"",""frame.temps"",""heap.object"",""heap.reference"",""runtime.cache""]","[""engine.exception"",""frame.temps"",""heap.object""]","[""borrow"",""canonicalize"",""copy_addref"",""produce_owned""]","[""exception""]","[""contract.opcode_matrix"",""opcode.ZEND_FETCH_STATIC_PROP_W""]","[{""end_line"":1892,""path"":""Zend/zend_vm_def.h"",""start_line"":1858,""symbol"":""zend_fetch_static_prop_helper""},{""end_line"":1904,""path"":""Zend/zend_vm_def.h"",""start_line"":1899,""symbol"":""ZEND_FETCH_STATIC_PROP_W""},{""end_line"":2522,""path"":""ext/opcache/jit/zend_jit.c"",""start_line"":2522,""symbol"":""ZEND_FETCH_STATIC_PROP_W""},{""end_line"":6157,""path"":""ext/opcache/jit/zend_jit_trace.c"",""start_line"":6157,""symbol"":""ZEND_FETCH_STATIC_PROP_W""}]",The cited VM handler and operand declaration provide the exception paths used for this conservative annotation; JIT status uses only cited compiler cases. Dispatched helper definitions (zend_fetch_static_prop_helper) are cited and included in the conservative effect union.
175,ZEND_FETCH_STATIC_PROP_RW,"{""dispatches"":[{""kind"":""helper"",""source_line"":1907,""target"":""zend_fetch_static_prop_helper"",""target_end_line"":1892,""target_start_line"":1858}],""extended"":[""CACHE_SLOT""],""handler_style"":""ZEND_VM_HANDLER"",""op1"":[""ANY""],""op2"":[""CLASS_FETCH""],""spec"":[],""variants"":[]}",temporary,conditional,never,never,never,The cited handler has no reference-specific path; ordinary zval operands may still be dereferenced only according to their declared handler forms.,never,never,both,runtime.object,not_started,not_started,"[""exception"",""reference""]","[""call_internal"",""read_memory"",""throw"",""write_memory""]","[""engine.exception"",""frame.temps"",""heap.object"",""heap.reference"",""runtime.cache""]","[""engine.exception"",""frame.temps"",""heap.object""]","[""borrow"",""canonicalize"",""copy_addref"",""produce_owned""]","[""exception""]","[""contract.opcode_matrix"",""opcode.ZEND_FETCH_STATIC_PROP_RW""]","[{""end_line"":1892,""path"":""Zend/zend_vm_def.h"",""start_line"":1858,""symbol"":""zend_fetch_static_prop_helper""},{""end_line"":1910,""path"":""Zend/zend_vm_def.h"",""start_line"":1905,""symbol"":""ZEND_FETCH_STATIC_PROP_RW""},{""end_line"":2523,""path"":""ext/opcache/jit/zend_jit.c"",""start_line"":2523,""symbol"":""ZEND_FETCH_STATIC_PROP_RW""},{""end_line"":6158,""path"":""ext/opcache/jit/zend_jit_trace.c"",""start_line"":6158,""symbol"":""ZEND_FETCH_STATIC_PROP_RW""}]",The cited VM handler and operand declaration provide the exception paths used for this conservative annotation; JIT status uses only cited compiler cases. Dispatched helper definitions (zend_fetch_static_prop_helper) are cited and included in the conservative effect union.
176,ZEND_FETCH_STATIC_PROP_IS,"{""dispatches"":[{""kind"":""helper"",""source_line"":1929,""target"":""zend_fetch_static_prop_helper"",""target_end_line"":1892,""target_start_line"":1858}],""extended"":[""CACHE_SLOT""],""handler_style"":""ZEND_VM_HANDLER"",""op1"":[""ANY""],""op2"":[""CLASS_FETCH""],""spec"":[],""variants"":[]}",temporary,conditional,never,never,never,The cited handler has no reference-specific path; ordinary zval operands may still be dereferenced only according to their declared handler forms.,never,never,both,runtime.object,not_started,not_started,"[""exception"",""reference""]","[""call_internal"",""read_memory"",""throw"",""write_memory""]","[""engine.exception"",""frame.temps"",""heap.object"",""heap.reference"",""runtime.cache""]","[""engine.exception"",""frame.temps"",""heap.object""]","[""borrow"",""canonicalize"",""copy_addref"",""produce_owned""]","[""exception""]","[""contract.opcode_matrix"",""opcode.ZEND_FETCH_STATIC_PROP_IS""]","[{""end_line"":1892,""path"":""Zend/zend_vm_def.h"",""start_line"":1858,""symbol"":""zend_fetch_static_prop_helper""},{""end_line"":1931,""path"":""Zend/zend_vm_def.h"",""start_line"":1927,""symbol"":""ZEND_FETCH_STATIC_PROP_IS""},{""end_line"":2521,""path"":""ext/opcache/jit/zend_jit.c"",""start_line"":2521,""symbol"":""ZEND_FETCH_STATIC_PROP_IS""},{""end_line"":6156,""path"":""ext/opcache/jit/zend_jit_trace.c"",""start_line"":6156,""symbol"":""ZEND_FETCH_STATIC_PROP_IS""}]",The cited VM handler and operand declaration provide the exception paths used for this conservative annotation; JIT status uses only cited compiler cases. Dispatched helper definitions (zend_fetch_static_prop_helper) are cited and included in the conservative effect union.
177,ZEND_FETCH_STATIC_PROP_FUNC_ARG,"{""dispatches"":[{""kind"":""handler"",""source_line"":1914,""target"":""ZEND_FETCH_STATIC_PROP_W"",""target_end_line"":1904,""target_start_line"":1899},{""kind"":""handler"",""source_line"":1916,""target"":""ZEND_FETCH_STATIC_PROP_R"",""target_end_line"":1898,""target_start_line"":1893}],""extended"":[""FETCH_REF"",""CACHE_SLOT""],""handler_style"":""ZEND_VM_HANDLER"",""op1"":[""ANY""],""op2"":[""CLASS_FETCH""],""spec"":[],""variants"":[]}",temporary,conditional,never,never,never,The cited dispatched handler carries the target opcode's reference and indirect-zval semantics.,never,never,trace,runtime.object,not_started,not_started,"[""exception"",""reference""]","[""call_internal"",""read_memory"",""throw"",""write_memory""]","[""engine.exception"",""frame.temps"",""heap.object"",""heap.reference"",""runtime.cache""]","[""engine.exception"",""frame.temps"",""heap.object""]","[""borrow"",""canonicalize"",""copy_addref"",""produce_owned""]","[""exception""]","[""contract.opcode_matrix"",""opcode.ZEND_FETCH_STATIC_PROP_FUNC_ARG""]","[{""end_line"":1892,""path"":""Zend/zend_vm_def.h"",""start_line"":1858,""symbol"":""zend_fetch_static_prop_helper""},{""end_line"":1898,""path"":""Zend/zend_vm_def.h"",""start_line"":1893,""symbol"":""ZEND_FETCH_STATIC_PROP_R""},{""end_line"":1904,""path"":""Zend/zend_vm_def.h"",""start_line"":1899,""symbol"":""ZEND_FETCH_STATIC_PROP_W""},{""end_line"":1920,""path"":""Zend/zend_vm_def.h"",""start_line"":1911,""symbol"":""ZEND_FETCH_STATIC_PROP_FUNC_ARG""},{""end_line"":6148,""path"":""ext/opcache/jit/zend_jit_trace.c"",""start_line"":6148,""symbol"":""ZEND_FETCH_STATIC_PROP_FUNC_ARG""}]","The cited VM handler and operand declaration provide the ordinary operand/result paths used for this conservative annotation; JIT status uses only cited compiler cases. Dispatched handler definitions (ZEND_FETCH_STATIC_PROP_R, ZEND_FETCH_STATIC_PROP_W) are cited and included in the conservative effect union."
178,ZEND_FETCH_STATIC_PROP_UNSET,"{""dispatches"":[{""kind"":""helper"",""source_line"":1923,""target"":""zend_fetch_static_prop_helper"",""target_end_line"":1892,""target_start_line"":1858}],""extended"":[""CACHE_SLOT""],""handler_style"":""ZEND_VM_HANDLER"",""op1"":[""ANY""],""op2"":[""CLASS_FETCH""],""spec"":[],""variants"":[]}",temporary,conditional,never,never,never,The cited handler has no reference-specific path; ordinary zval operands may still be dereferenced only according to their declared handler forms.,never,never,both,runtime.object,not_started,not_started,"[""exception"",""reference""]","[""call_internal"",""read_memory"",""throw"",""write_memory""]","[""engine.exception"",""frame.temps"",""heap.object"",""heap.reference"",""runtime.cache""]","[""engine.exception"",""frame.temps"",""heap.object""]","[""borrow"",""canonicalize"",""copy_addref"",""produce_owned""]","[""exception""]","[""contract.opcode_matrix"",""opcode.ZEND_FETCH_STATIC_PROP_UNSET""]","[{""end_line"":1892,""path"":""Zend/zend_vm_def.h"",""start_line"":1858,""symbol"":""zend_fetch_static_prop_helper""},{""end_line"":1926,""path"":""Zend/zend_vm_def.h"",""start_line"":1921,""symbol"":""ZEND_FETCH_STATIC_PROP_UNSET""},{""end_line"":2524,""path"":""ext/opcache/jit/zend_jit.c"",""start_line"":2524,""symbol"":""ZEND_FETCH_STATIC_PROP_UNSET""},{""end_line"":6159,""path"":""ext/opcache/jit/zend_jit_trace.c"",""start_line"":6159,""symbol"":""ZEND_FETCH_STATIC_PROP_UNSET""}]",The cited VM handler and operand declaration provide the exception paths used for this conservative annotation; JIT status uses only cited compiler cases. Dispatched helper definitions (zend_fetch_static_prop_helper) are cited and included in the conservative effect union.
179,ZEND_UNSET_STATIC_PROP,"{""dispatches"":[],""extended"":[""CACHE_SLOT""],""handler_style"":""ZEND_VM_COLD_HANDLER"",""op1"":[""ANY""],""op2"":[""ANY""],""spec"":[],""variants"":[]}",none,conditional,conditional,never,conditional,The cited handler has no reference-specific path; ordinary zval operands may still be dereferenced only according to their declared handler forms.,never,never,none,runtime.object,not_started,not_started,"[""destructor"",""exception""]","[""bailout"",""call_internal"",""read_memory"",""reenter_php"",""run_destructor"",""throw"",""write_memory""]","[""engine.class_table"",""engine.exception"",""frame.call_chain"",""heap.object"",""heap.string"",""heap.zval"",""runtime.cache""]","[""engine.exception"",""frame.call_chain"",""heap.zval""]","[""borrow"",""conditional_destroy""]","[""bailout"",""destructor"",""exception"",""reentrancy"",""safepoint""]","[""contract.opcode_matrix"",""opcode.ZEND_UNSET_STATIC_PROP""]","[{""end_line"":6795,""path"":""Zend/zend_vm_def.h"",""start_line"":6744,""symbol"":""ZEND_UNSET_STATIC_PROP""}]","The cited VM handler and operand declaration provide the exception, bailout, destructor paths used for this conservative annotation; JIT status uses only cited compiler cases."
180,ZEND_ISSET_ISEMPTY_STATIC_PROP,"{""dispatches"":[],""extended"":[""ISSET"",""CACHE_SLOT""],""handler_style"":""ZEND_VM_HANDLER"",""op1"":[""ANY""],""op2"":[""CLASS_FETCH""],""spec"":[],""variants"":[]}",temporary,never,never,never,never,"The cited handler contains an explicit reference, indirect, dereference, or separation path; preserve alias identity and the listed ownership actions.",never,never,partial,runtime.object,not_started,not_started,"[""reference""]","[""call_internal"",""read_memory"",""write_memory""]","[""heap.object"",""heap.reference"",""runtime.cache""]","[""frame.temps"",""heap.reference""]","[""canonicalize"",""produce_owned""]",[],"[""contract.opcode_matrix"",""opcode.ZEND_ISSET_ISEMPTY_STATIC_PROP""]","[{""end_line"":7614,""path"":""Zend/zend_vm_def.h"",""start_line"":7595,""symbol"":""ZEND_ISSET_ISEMPTY_STATIC_PROP""},{""end_line"":294,""path"":""ext/opcache/jit/zend_jit_trace.c"",""start_line"":294,""symbol"":""ZEND_ISSET_ISEMPTY_STATIC_PROP""}]",The cited VM handler and operand declaration provide the reference/indirect paths used for this conservative annotation; JIT status uses only cited compiler cases.
181,ZEND_FETCH_CLASS_CONSTANT,"{""dispatches"":[],""extended"":[""CACHE_SLOT""],""handler_style"":""ZEND_VM_HANDLER"",""op1"":[""VAR"",""CONST"",""UNUSED"",""CLASS_FETCH""],""op2"":[""CONST"",""TMPVARCV""],""spec"":[],""variants"":[]}",temporary,conditional,conditional,never,conditional,"The cited handler contains an explicit reference, indirect, dereference, or separation path; preserve alias identity and the listed ownership actions.",never,never,none,runtime.variable,not_started,not_started,"[""destructor"",""exception"",""reference"",""zts""]","[""bailout"",""call_internal"",""read_memory"",""reenter_php"",""run_destructor"",""throw"",""write_memory""]","[""engine.class_table"",""engine.exception"",""frame.call_chain"",""frame.locals"",""frame.temps"",""heap.array"",""heap.reference"",""heap.string"",""heap.zval"",""runtime.cache""]","[""engine.exception"",""frame.call_chain"",""frame.temps"",""heap.reference"",""heap.zval""]","[""canonicalize"",""conditional_destroy"",""copy_addref"",""produce_owned""]","[""bailout"",""destructor"",""exception"",""reentrancy"",""safepoint""]","[""contract.opcode_matrix"",""opcode.ZEND_FETCH_CLASS_CONSTANT""]","[{""end_line"":6284,""path"":""Zend/zend_vm_def.h"",""start_line"":6152,""symbol"":""ZEND_FETCH_CLASS_CONSTANT""}]","The cited VM handler and operand declaration provide the exception, bailout, destructor, reference/indirect, ZTS executor-global paths used for this conservative annotation; JIT status uses only cited compiler cases."
182,ZEND_BIND_LEXICAL,"{""dispatches"":[],""extended"":[""REF""],""handler_style"":""ZEND_VM_HANDLER"",""op1"":[""TMP""],""op2"":[""CV""],""spec"":[],""variants"":[]}",in_place,conditional,never,never,never,"The cited handler contains an explicit reference, indirect, dereference, or separation path; preserve alias identity and the listed ownership actions.",never,never,none,runtime.variable,not_started,not_started,"[""exception"",""reference"",""zts""]","[""call_internal"",""read_memory"",""throw"",""write_memory""]","[""engine.exception"",""frame.locals"",""frame.temps"",""heap.reference""]","[""engine.exception"",""frame.locals"",""heap.reference""]","[""borrow"",""canonicalize"",""copy_addref""]","[""exception""]","[""contract.opcode_matrix"",""opcode.ZEND_BIND_LEXICAL""]","[{""end_line"":9251,""path"":""Zend/zend_vm_def.h"",""start_line"":9220,""symbol"":""ZEND_BIND_LEXICAL""}]","The cited VM handler and operand declaration provide the exception, reference/indirect, ZTS executor-global paths used for this conservative annotation; JIT status uses only cited compiler cases."
183,ZEND_BIND_STATIC,"{""dispatches"":[],""extended"":[""REF""],""handler_style"":""ZEND_VM_HANDLER"",""op1"":[""CV""],""op2"":[""ANY""],""spec"":[],""variants"":[]}",in_place,conditional,conditional,never,conditional,"The cited handler contains an explicit reference, indirect, dereference, or separation path; preserve alias identity and the listed ownership actions.",never,never,none,runtime.reference,not_started,not_started,"[""destructor"",""exception"",""reference""]","[""allocate"",""bailout"",""call_internal"",""read_memory"",""reenter_php"",""run_destructor"",""throw"",""write_memory""]","[""engine.exception"",""frame.call_chain"",""frame.locals"",""heap.array"",""heap.reference"",""heap.zval""]","[""engine.exception"",""frame.call_chain"",""frame.locals"",""gc.metadata"",""heap.reference"",""heap.zval""]","[""borrow"",""canonicalize"",""conditional_destroy"",""copy_addref"",""cow_separate"",""move""]","[""bailout"",""destructor"",""exception"",""reentrancy"",""safepoint""]","[""contract.opcode_matrix"",""opcode.ZEND_BIND_STATIC""]","[{""end_line"":9304,""path"":""Zend/zend_vm_def.h"",""start_line"":9252,""symbol"":""ZEND_BIND_STATIC""}]","The cited VM handler and operand declaration provide the exception, bailout, destructor, allocation, reference/indirect paths used for this conservative annotation; JIT status uses only cited compiler cases."
184,ZEND_FETCH_THIS,"{""dispatches"":[{""kind"":""helper"",""source_line"":9344,""target"":""zend_this_not_in_object_context_helper"",""target_end_line"":995,""target_start_line"":986}],""extended"":[],""handler_style"":""ZEND_VM_HOT_HANDLER"",""op1"":[""UNUSED""],""op2"":[""UNUSED""],""spec"":[],""variants"":[]}",temporary,conditional,never,never,never,The cited handler has no reference-specific path; ordinary zval operands may still be dereferenced only according to their declared handler forms.,never,never,both,runtime.variable,not_started,not_started,"[""exception""]","[""call_internal"",""read_memory"",""throw"",""write_memory""]","[""engine.exception"",""heap.object""]","[""engine.exception"",""frame.temps"",""heap.object""]","[""produce_owned""]","[""exception""]","[""contract.opcode_matrix"",""opcode.ZEND_FETCH_THIS""]","[{""end_line"":995,""path"":""Zend/zend_vm_def.h"",""start_line"":986,""symbol"":""zend_this_not_in_object_context_helper""},{""end_line"":9347,""path"":""Zend/zend_vm_def.h"",""start_line"":9333,""symbol"":""ZEND_FETCH_THIS""},{""end_line"":2592,""path"":""ext/opcache/jit/zend_jit.c"",""start_line"":2592,""symbol"":""ZEND_FETCH_THIS""},{""end_line"":6282,""path"":""ext/opcache/jit/zend_jit_trace.c"",""start_line"":6282,""symbol"":""ZEND_FETCH_THIS""}]",The cited VM handler and operand declaration provide the exception paths used for this conservative annotation; JIT status uses only cited compiler cases. Dispatched helper definitions (zend_this_not_in_object_context_helper) are cited and included in the conservative effect union.
185,ZEND_SEND_FUNC_ARG,"{""dispatches"":[],""extended"":[],""handler_style"":""ZEND_VM_HOT_HANDLER"",""op1"":[""VAR""],""op2"":[""CONST"",""UNUSED"",""NUM""],""spec"":[],""variants"":[]}",none,conditional,conditional,never,conditional,"The cited handler contains an explicit reference, indirect, dereference, or separation path; preserve alias identity and the listed ownership actions.",never,never,both,runtime.reference,not_started,not_started,"[""destructor"",""exception"",""reference""]","[""bailout"",""call_internal"",""read_memory"",""reenter_php"",""run_destructor"",""throw"",""write_memory""]","[""engine.exception"",""frame.args"",""frame.call_chain"",""frame.temps"",""heap.reference"",""heap.string"",""heap.zval"",""runtime.cache""]","[""engine.exception"",""frame.args"",""frame.call_chain"",""heap.zval""]","[""borrow"",""canonicalize"",""conditional_destroy"",""copy_addref"",""move""]","[""bailout"",""destructor"",""exception"",""reentrancy"",""safepoint""]","[""contract.opcode_matrix"",""opcode.ZEND_SEND_FUNC_ARG""]","[{""end_line"":5302,""path"":""Zend/zend_vm_def.h"",""start_line"":5252,""symbol"":""ZEND_SEND_FUNC_ARG""},{""end_line"":2120,""path"":""ext/opcache/jit/zend_jit.c"",""start_line"":2120,""symbol"":""ZEND_SEND_FUNC_ARG""},{""end_line"":5351,""path"":""ext/opcache/jit/zend_jit_trace.c"",""start_line"":5351,""symbol"":""ZEND_SEND_FUNC_ARG""}]","The cited VM handler and operand declaration provide the exception, bailout, destructor, reference/indirect paths used for this conservative annotation; JIT status uses only cited compiler cases."
186,ZEND_ISSET_ISEMPTY_THIS,"{""dispatches"":[],""extended"":[],""handler_style"":""ZEND_VM_HANDLER"",""op1"":[""UNUSED""],""op2"":[""UNUSED""],""spec"":[],""variants"":[]}",temporary,never,never,never,never,The cited handler has no reference-specific path; ordinary zval operands may still be dereferenced only according to their declared handler forms.,never,never,none,runtime.variable,not_started,not_started,[],"[""read_memory"",""write_memory""]","[""heap.object""]","[""frame.temps""]","[""produce_owned""]",[],"[""contract.opcode_matrix"",""opcode.ZEND_ISSET_ISEMPTY_THIS""]","[{""end_line"":9367,""path"":""Zend/zend_vm_def.h"",""start_line"":9358,""symbol"":""ZEND_ISSET_ISEMPTY_THIS""}]",The cited VM handler and operand declaration provide the ordinary operand/result paths used for this conservative annotation; JIT status uses only cited compiler cases.
187,ZEND_SWITCH_LONG,"{""dispatches"":[],""extended"":[""JMP_ADDR""],""handler_style"":""ZEND_VM_COLD_CONSTCONST_HANDLER"",""op1"":[""CONST"",""TMPVARCV""],""op2"":[""CONST""],""spec"":[],""variants"":[]}",control,never,never,never,never,"The cited handler contains an explicit reference, indirect, dereference, or separation path; preserve alias identity and the listed ownership actions.",never,never,both,control.branch,not_started,not_started,"[""reference""]","[""call_internal"",""read_memory"",""write_memory""]","[""frame.call_chain"",""frame.locals"",""frame.temps"",""heap.array"",""heap.reference""]","[""frame.call_chain""]","[""borrow"",""canonicalize""]",[],"[""contract.opcode_matrix"",""opcode.ZEND_SWITCH_LONG""]","[{""end_line"":9441,""path"":""Zend/zend_vm_def.h"",""start_line"":9414,""symbol"":""ZEND_SWITCH_LONG""},{""end_line"":2597,""path"":""ext/opcache/jit/zend_jit.c"",""start_line"":2597,""symbol"":""ZEND_SWITCH_LONG""},{""end_line"":6294,""path"":""ext/opcache/jit/zend_jit_trace.c"",""start_line"":6294,""symbol"":""ZEND_SWITCH_LONG""}]",The cited VM handler and operand declaration provide the reference/indirect paths used for this conservative annotation; JIT status uses only cited compiler cases.
188,ZEND_SWITCH_STRING,"{""dispatches"":[],""extended"":[""JMP_ADDR""],""handler_style"":""ZEND_VM_COLD_CONSTCONST_HANDLER"",""op1"":[""CONST"",""TMPVARCV""],""op2"":[""CONST""],""spec"":[],""variants"":[]}",control,never,never,never,never,"The cited handler contains an explicit reference, indirect, dereference, or separation path; preserve alias identity and the listed ownership actions.",never,never,both,control.branch,not_started,not_started,"[""reference""]","[""call_internal"",""read_memory"",""write_memory""]","[""frame.call_chain"",""frame.locals"",""frame.temps"",""heap.array"",""heap.reference"",""heap.string""]","[""frame.call_chain""]","[""borrow"",""canonicalize""]",[],"[""contract.opcode_matrix"",""opcode.ZEND_SWITCH_STRING""]","[{""end_line"":9474,""path"":""Zend/zend_vm_def.h"",""start_line"":9442,""symbol"":""ZEND_SWITCH_STRING""},{""end_line"":2598,""path"":""ext/opcache/jit/zend_jit.c"",""start_line"":2598,""symbol"":""ZEND_SWITCH_STRING""},{""end_line"":6295,""path"":""ext/opcache/jit/zend_jit_trace.c"",""start_line"":6295,""symbol"":""ZEND_SWITCH_STRING""}]",The cited VM handler and operand declaration provide the reference/indirect paths used for this conservative annotation; JIT status uses only cited compiler cases.
189,ZEND_IN_ARRAY,"{""dispatches"":[],""extended"":[""NUM""],""handler_style"":""ZEND_VM_COLD_CONSTCONST_HANDLER"",""op1"":[""CONST"",""TMP"",""CV""],""op2"":[""CONST""],""spec"":[],""variants"":[]}",temporary,conditional,conditional,never,conditional,"The cited handler contains an explicit reference, indirect, dereference, or separation path; preserve alias identity and the listed ownership actions.",never,never,both,runtime.reference,not_started,not_started,"[""destructor"",""exception"",""reference"",""zts""]","[""bailout"",""call_internal"",""read_memory"",""reenter_php"",""run_destructor"",""throw"",""write_memory""]","[""engine.exception"",""frame.call_chain"",""frame.locals"",""frame.temps"",""heap.array"",""heap.reference"",""heap.string"",""heap.zval""]","[""engine.exception"",""frame.call_chain"",""frame.temps"",""heap.reference"",""heap.zval""]","[""canonicalize"",""conditional_destroy"",""produce_owned""]","[""bailout"",""destructor"",""exception"",""reentrancy"",""safepoint""]","[""contract.opcode_matrix"",""opcode.ZEND_IN_ARRAY""]","[{""end_line"":9598,""path"":""Zend/zend_vm_def.h"",""start_line"":9527,""symbol"":""ZEND_IN_ARRAY""},{""end_line"":2364,""path"":""ext/opcache/jit/zend_jit.c"",""start_line"":2364,""symbol"":""ZEND_IN_ARRAY""},{""end_line"":5816,""path"":""ext/opcache/jit/zend_jit_trace.c"",""start_line"":5816,""symbol"":""ZEND_IN_ARRAY""}]","The cited VM handler and operand declaration provide the exception, bailout, destructor, reference/indirect, ZTS executor-global paths used for this conservative annotation; JIT status uses only cited compiler cases."
190,ZEND_COUNT,"{""dispatches"":[],""extended"":[],""handler_style"":""ZEND_VM_COLD_CONST_HANDLER"",""op1"":[""CONST"",""TMP"",""CV""],""op2"":[""UNUSED""],""spec"":[],""variants"":[{""condition"":""(op1_info & (MAY_BE_ANY|MAY_BE_UNDEF|MAY_BE_REF)) == MAY_BE_ARRAY"",""extended"":[],""handler_style"":""ZEND_VM_TYPE_SPEC_HANDLER"",""name"":""ZEND_COUNT_ARRAY"",""op1"":[""CV"",""TMP""],""op2"":[""UNUSED""],""source_line"":9656,""spec"":[]}]}",temporary,conditional,conditional,never,conditional,"The cited handler contains an explicit reference, indirect, dereference, or separation path; preserve alias identity and the listed ownership actions.",never,never,both,runtime.reference,not_started,not_started,"[""destructor"",""exception"",""reference"",""zts""]","[""bailout"",""call_internal"",""read_memory"",""reenter_php"",""run_destructor"",""throw"",""write_memory""]","[""engine.exception"",""engine.function_table"",""frame.call_chain"",""frame.locals"",""frame.temps"",""heap.array"",""heap.object"",""heap.reference"",""heap.zval""]","[""engine.exception"",""frame.call_chain"",""frame.temps"",""heap.reference"",""heap.zval""]","[""canonicalize"",""conditional_destroy"",""copy_addref"",""produce_owned""]","[""bailout"",""destructor"",""exception"",""reentrancy"",""safepoint""]","[""contract.opcode_matrix"",""opcode.ZEND_COUNT""]","[{""end_line"":9655,""path"":""Zend/zend_vm_def.h"",""start_line"":9599,""symbol"":""ZEND_COUNT""},{""end_line"":2583,""path"":""ext/opcache/jit/zend_jit.c"",""start_line"":2583,""symbol"":""ZEND_COUNT""},{""end_line"":6260,""path"":""ext/opcache/jit/zend_jit_trace.c"",""start_line"":6260,""symbol"":""ZEND_COUNT""}]","The cited VM handler and operand declaration provide the exception, bailout, destructor, reference/indirect, ZTS executor-global paths used for this conservative annotation; JIT status uses only cited compiler cases."
191,ZEND_GET_CLASS,"{""dispatches"":[],""extended"":[],""handler_style"":""ZEND_VM_COLD_CONST_HANDLER"",""op1"":[""UNUSED"",""CONST"",""TMP"",""CV""],""op2"":[""UNUSED""],""spec"":[],""variants"":[]}",temporary,conditional,conditional,never,conditional,"The cited handler contains an explicit reference, indirect, dereference, or separation path; preserve alias identity and the listed ownership actions.",never,never,none,runtime.reference,not_started,not_started,"[""destructor"",""exception"",""reference"",""zts""]","[""bailout"",""call_internal"",""read_memory"",""reenter_php"",""run_destructor"",""throw"",""write_memory""]","[""engine.exception"",""frame.call_chain"",""frame.locals"",""frame.temps"",""heap.object"",""heap.reference"",""heap.zval""]","[""engine.exception"",""frame.call_chain"",""frame.temps"",""heap.reference"",""heap.zval""]","[""canonicalize"",""conditional_destroy"",""produce_owned""]","[""bailout"",""destructor"",""exception"",""reentrancy"",""safepoint""]","[""contract.opcode_matrix"",""opcode.ZEND_GET_CLASS""]","[{""end_line"":9713,""path"":""Zend/zend_vm_def.h"",""start_line"":9671,""symbol"":""ZEND_GET_CLASS""}]","The cited VM handler and operand declaration provide the exception, bailout, destructor, reference/indirect, ZTS executor-global paths used for this conservative annotation; JIT status uses only cited compiler cases."
192,ZEND_GET_CALLED_CLASS,"{""dispatches"":[],""extended"":[],""handler_style"":""ZEND_VM_HANDLER"",""op1"":[""UNUSED""],""op2"":[""UNUSED""],""spec"":[],""variants"":[]}",temporary,conditional,never,never,never,The cited handler has no reference-specific path; ordinary zval operands may still be dereferenced only according to their declared handler forms.,never,never,none,call.dynamic,not_started,not_started,"[""exception""]","[""call_internal"",""read_memory"",""throw"",""write_memory""]","[""engine.exception"",""heap.object""]","[""engine.exception"",""frame.temps""]","[""produce_owned""]","[""exception""]","[""contract.opcode_matrix"",""opcode.ZEND_GET_CALLED_CLASS""]","[{""end_line"":9731,""path"":""Zend/zend_vm_def.h"",""start_line"":9714,""symbol"":""ZEND_GET_CALLED_CLASS""}]",The cited VM handler and operand declaration provide the exception paths used for this conservative annotation; JIT status uses only cited compiler cases.
193,ZEND_GET_TYPE,"{""dispatches"":[],""extended"":[],""handler_style"":""ZEND_VM_COLD_CONST_HANDLER"",""op1"":[""CONST"",""TMP"",""CV""],""op2"":[""UNUSED""],""spec"":[],""variants"":[]}",temporary,conditional,conditional,never,conditional,"The cited handler contains an explicit reference, indirect, dereference, or separation path; preserve alias identity and the listed ownership actions.",never,never,none,scalar.compare,not_started,not_started,"[""destructor"",""exception"",""reference""]","[""bailout"",""call_internal"",""read_memory"",""reenter_php"",""run_destructor"",""throw"",""write_memory""]","[""engine.exception"",""frame.call_chain"",""frame.locals"",""frame.temps"",""heap.reference"",""heap.string"",""heap.zval""]","[""engine.exception"",""frame.call_chain"",""frame.temps"",""heap.reference"",""heap.zval""]","[""canonicalize"",""conditional_destroy"",""produce_owned""]","[""bailout"",""destructor"",""exception"",""reentrancy"",""safepoint""]","[""contract.opcode_matrix"",""opcode.ZEND_GET_TYPE""]","[{""end_line"":9749,""path"":""Zend/zend_vm_def.h"",""start_line"":9732,""symbol"":""ZEND_GET_TYPE""}]","The cited VM handler and operand declaration provide the exception, bailout, destructor, reference/indirect paths used for this conservative annotation; JIT status uses only cited compiler cases."
194,ZEND_ARRAY_KEY_EXISTS,"{""dispatches"":[],""extended"":[],""handler_style"":""ZEND_VM_HANDLER"",""op1"":[""CV"",""TMP"",""CONST""],""op2"":[""CV"",""TMP"",""CONST""],""spec"":[],""variants"":[]}",temporary,conditional,conditional,never,conditional,"The cited handler contains an explicit reference, indirect, dereference, or separation path; preserve alias identity and the listed ownership actions.",never,never,partial,runtime.array,not_started,not_started,"[""destructor"",""exception"",""reference""]","[""bailout"",""call_internal"",""read_memory"",""reenter_php"",""run_destructor"",""throw"",""write_memory""]","[""engine.exception"",""frame.call_chain"",""frame.locals"",""frame.temps"",""heap.array"",""heap.reference"",""heap.zval""]","[""engine.exception"",""frame.call_chain"",""frame.temps"",""heap.reference"",""heap.zval""]","[""canonicalize"",""conditional_destroy"",""produce_owned""]","[""bailout"",""destructor"",""exception"",""reentrancy"",""safepoint""]","[""contract.opcode_matrix"",""opcode.ZEND_ARRAY_KEY_EXISTS""]","[{""end_line"":7776,""path"":""Zend/zend_vm_def.h"",""start_line"":7744,""symbol"":""ZEND_ARRAY_KEY_EXISTS""},{""end_line"":299,""path"":""ext/opcache/jit/zend_jit_trace.c"",""start_line"":299,""symbol"":""ZEND_ARRAY_KEY_EXISTS""}]","The cited VM handler and operand declaration provide the exception, bailout, destructor, reference/indirect paths used for this conservative annotation; JIT status uses only cited compiler cases."
195,ZEND_MATCH,"{""dispatches"":[],""extended"":[""JMP_ADDR""],""handler_style"":""ZEND_VM_COLD_CONSTCONST_HANDLER"",""op1"":[""CONST"",""TMPVARCV""],""op2"":[""CONST""],""spec"":[],""variants"":[]}",control,conditional,never,never,never,"The cited handler contains an explicit reference, indirect, dereference, or separation path; preserve alias identity and the listed ownership actions.",never,never,both,control.branch,not_started,not_started,"[""exception"",""reference"",""zts""]","[""call_internal"",""read_memory"",""throw"",""write_memory""]","[""engine.exception"",""frame.call_chain"",""frame.locals"",""frame.temps"",""heap.array"",""heap.reference"",""heap.string""]","[""engine.exception"",""frame.call_chain""]","[""borrow"",""canonicalize""]","[""exception""]","[""contract.opcode_matrix"",""opcode.ZEND_MATCH""]","[{""end_line"":9515,""path"":""Zend/zend_vm_def.h"",""start_line"":9475,""symbol"":""ZEND_MATCH""},{""end_line"":2599,""path"":""ext/opcache/jit/zend_jit.c"",""start_line"":2599,""symbol"":""ZEND_MATCH""},{""end_line"":6296,""path"":""ext/opcache/jit/zend_jit_trace.c"",""start_line"":6296,""symbol"":""ZEND_MATCH""}]","The cited VM handler and operand declaration provide the exception, reference/indirect, ZTS executor-global paths used for this conservative annotation; JIT status uses only cited compiler cases."
196,ZEND_CASE_STRICT,"{""dispatches"":[],""extended"":[],""handler_style"":""ZEND_VM_HANDLER"",""op1"":[""TMP""],""op2"":[""CONST"",""TMP"",""CV""],""spec"":[],""variants"":[]}",temporary,conditional,conditional,never,conditional,"The cited handler contains an explicit reference, indirect, dereference, or separation path; preserve alias identity and the listed ownership actions.",never,never,both,scalar.compare,not_started,not_started,"[""destructor"",""exception"",""reference""]","[""bailout"",""read_memory"",""reenter_php"",""run_destructor"",""throw"",""write_memory""]","[""engine.exception"",""frame.call_chain"",""frame.locals"",""frame.temps"",""heap.reference"",""heap.zval""]","[""engine.exception"",""frame.call_chain"",""frame.temps"",""heap.reference"",""heap.zval""]","[""canonicalize"",""conditional_destroy"",""produce_owned""]","[""bailout"",""destructor"",""exception"",""reentrancy"",""safepoint""]","[""contract.opcode_matrix"",""opcode.ZEND_CASE_STRICT""]","[{""end_line"":478,""path"":""Zend/zend_vm_def.h"",""start_line"":465,""symbol"":""ZEND_CASE_STRICT""},{""end_line"":2209,""path"":""ext/opcache/jit/zend_jit.c"",""start_line"":2209,""symbol"":""ZEND_CASE_STRICT""},{""end_line"":5492,""path"":""ext/opcache/jit/zend_jit_trace.c"",""start_line"":5492,""symbol"":""ZEND_CASE_STRICT""}]","The cited VM handler and operand declaration provide the exception, bailout, destructor, reference/indirect paths used for this conservative annotation; JIT status uses only cited compiler cases."
197,ZEND_MATCH_ERROR,"{""dispatches"":[],""extended"":[],""handler_style"":""ZEND_VM_COLD_CONST_HANDLER"",""op1"":[""CONST"",""TMPVARCV""],""op2"":[""UNUSED""],""spec"":[],""variants"":[]}",exception,always,never,never,never,The cited handler has no reference-specific path; ordinary zval operands may still be dereferenced only according to their declared handler forms.,never,never,partial,runtime.exception,not_started,not_started,"[""exception""]","[""call_internal"",""read_memory"",""throw"",""write_memory""]","[""engine.exception"",""frame.locals"",""frame.temps""]","[""engine.exception""]","[""transfer""]","[""exception""]","[""contract.opcode_matrix"",""opcode.ZEND_MATCH_ERROR""]","[{""end_line"":9526,""path"":""Zend/zend_vm_def.h"",""start_line"":9516,""symbol"":""ZEND_MATCH_ERROR""},{""end_line"":2783,""path"":""ext/opcache/jit/zend_jit.c"",""start_line"":2783,""symbol"":""ZEND_MATCH_ERROR""}]",The cited VM handler and operand declaration provide the exception paths used for this conservative annotation; JIT status uses only cited compiler cases.
198,ZEND_JMP_NULL,"{""dispatches"":[],""extended"":[],""handler_style"":""ZEND_VM_HOT_NOCONST_HANDLER"",""op1"":[""CONST"",""TMP"",""CV""],""op2"":[""JMP_ADDR""],""spec"":[],""variants"":[]}",control,conditional,conditional,never,conditional,"The cited handler contains an explicit reference, indirect, dereference, or separation path; preserve alias identity and the listed ownership actions.",never,never,trace,control.branch,not_started,not_started,"[""destructor"",""exception"",""reference"",""zts""]","[""bailout"",""read_memory"",""reenter_php"",""run_destructor"",""throw"",""write_memory""]","[""engine.exception"",""frame.call_chain"",""frame.locals"",""frame.temps"",""heap.reference"",""heap.zval""]","[""engine.exception"",""frame.call_chain"",""heap.zval""]","[""borrow"",""canonicalize"",""conditional_destroy""]","[""bailout"",""destructor"",""exception"",""reentrancy"",""safepoint""]","[""contract.opcode_matrix"",""opcode.ZEND_JMP_NULL""]","[{""end_line"":7953,""path"":""Zend/zend_vm_def.h"",""start_line"":7910,""symbol"":""ZEND_JMP_NULL""},{""end_line"":17328,""path"":""ext/opcache/jit/zend_jit_ir.c"",""start_line"":17328,""symbol"":""ZEND_JMP_NULL""}]","The cited VM handler and operand declaration provide the exception, bailout, destructor, reference/indirect, ZTS executor-global paths used for this conservative annotation; JIT status uses only cited compiler cases."
199,ZEND_CHECK_UNDEF_ARGS,"{""dispatches"":[],""extended"":[],""handler_style"":""ZEND_VM_HOT_HANDLER"",""op1"":[""UNUSED""],""op2"":[""UNUSED""],""spec"":[],""variants"":[]}",none,conditional,never,never,never,The cited handler has no reference-specific path; ordinary zval operands may still be dereferenced only according to their declared handler forms.,never,never,both,runtime.misc,not_started,not_started,"[""exception""]","[""call_internal"",""read_memory"",""throw"",""write_memory""]","[""engine.exception""]","[""engine.exception""]","[""borrow""]","[""exception""]","[""contract.opcode_matrix"",""opcode.ZEND_CHECK_UNDEF_ARGS""]","[{""end_line"":5706,""path"":""Zend/zend_vm_def.h"",""start_line"":5693,""symbol"":""ZEND_CHECK_UNDEF_ARGS""},{""end_line"":2155,""path"":""ext/opcache/jit/zend_jit.c"",""start_line"":2155,""symbol"":""ZEND_CHECK_UNDEF_ARGS""},{""end_line"":5423,""path"":""ext/opcache/jit/zend_jit_trace.c"",""start_line"":5423,""symbol"":""ZEND_CHECK_UNDEF_ARGS""}]",The cited VM handler and operand declaration provide the exception paths used for this conservative annotation; JIT status uses only cited compiler cases.
200,ZEND_FETCH_GLOBALS,"{""dispatches"":[],""extended"":[],""handler_style"":""ZEND_VM_HANDLER"",""op1"":[""UNUSED""],""op2"":[""UNUSED""],""spec"":[],""variants"":[]}",temporary,never,never,never,never,The cited handler has no reference-specific path; ordinary zval operands may still be dereferenced only according to their declared handler forms.,never,never,none,runtime.variable,not_started,not_started,"[""zts""]","[""call_internal"",""read_memory"",""write_memory""]","[""heap.object"",""runtime.symbol_table""]","[""frame.temps""]","[""produce_owned""]",[],"[""contract.opcode_matrix"",""opcode.ZEND_FETCH_GLOBALS""]","[{""end_line"":9357,""path"":""Zend/zend_vm_def.h"",""start_line"":9348,""symbol"":""ZEND_FETCH_GLOBALS""}]",The cited VM handler and operand declaration provide the ZTS executor-global paths used for this conservative annotation; JIT status uses only cited compiler cases.
201,ZEND_VERIFY_NEVER_TYPE,"{""dispatches"":[],""extended"":[],""handler_style"":""ZEND_VM_COLD_HANDLER"",""op1"":[""UNUSED""],""op2"":[""UNUSED""],""spec"":[],""variants"":[]}",exception,always,never,never,never,The cited handler has no reference-specific path; ordinary zval operands may still be dereferenced only according to their declared handler forms.,never,never,partial,runtime.exception,not_started,not_started,"[""exception""]","[""call_internal"",""read_memory"",""throw"",""write_memory""]","[""engine.exception""]","[""engine.exception""]","[""transfer""]","[""exception""]","[""contract.opcode_matrix"",""opcode.ZEND_VERIFY_NEVER_TYPE""]","[{""end_line"":4544,""path"":""Zend/zend_vm_def.h"",""start_line"":4538,""symbol"":""ZEND_VERIFY_NEVER_TYPE""},{""end_line"":2788,""path"":""ext/opcache/jit/zend_jit.c"",""start_line"":2788,""symbol"":""ZEND_VERIFY_NEVER_TYPE""}]",The cited VM handler and operand declaration provide the exception paths used for this conservative annotation; JIT status uses only cited compiler cases.
202,ZEND_CALLABLE_CONVERT,"{""dispatches"":[],""extended"":[""NUM"",""CACHE_SLOT""],""handler_style"":""ZEND_VM_HANDLER"",""op1"":[""UNUSED""],""op2"":[""UNUSED""],""spec"":[],""variants"":[]}",temporary,conditional,conditional,never,conditional,The cited handler has no reference-specific path; ordinary zval operands may still be dereferenced only according to their declared handler forms.,never,never,partial,call.dynamic,not_started,not_started,"[""destructor"",""exception"",""zts""]","[""bailout"",""call_internal"",""read_memory"",""reenter_php"",""run_destructor"",""throw"",""write_memory""]","[""engine.exception"",""frame.call_chain"",""heap.array"",""heap.object"",""heap.zval"",""runtime.cache""]","[""engine.exception"",""frame.call_chain"",""frame.temps"",""heap.zval""]","[""conditional_destroy"",""produce_owned""]","[""bailout"",""destructor"",""exception"",""reentrancy"",""safepoint""]","[""contract.opcode_matrix"",""opcode.ZEND_CALLABLE_CONVERT""]","[{""end_line"":9881,""path"":""Zend/zend_vm_def.h"",""start_line"":9844,""symbol"":""ZEND_CALLABLE_CONVERT""},{""end_line"":303,""path"":""ext/opcache/jit/zend_jit.c"",""start_line"":303,""symbol"":""ZEND_CALLABLE_CONVERT""}]","The cited VM handler and operand declaration provide the exception, bailout, destructor, ZTS executor-global paths used for this conservative annotation; JIT status uses only cited compiler cases."
203,ZEND_BIND_INIT_STATIC_OR_JMP,"{""dispatches"":[],""extended"":[],""handler_style"":""ZEND_VM_HANDLER"",""op1"":[""CV""],""op2"":[""JMP_ADDR""],""spec"":[],""variants"":[]}",control,conditional,conditional,never,conditional,"The cited handler contains an explicit reference, indirect, dereference, or separation path; preserve alias identity and the listed ownership actions.",never,never,trace,control.branch,not_started,not_started,"[""destructor"",""exception"",""reference""]","[""bailout"",""call_internal"",""read_memory"",""reenter_php"",""run_destructor"",""throw"",""write_memory""]","[""engine.exception"",""frame.call_chain"",""frame.locals"",""heap.array"",""heap.reference"",""heap.zval""]","[""engine.exception"",""frame.call_chain"",""heap.zval""]","[""borrow"",""canonicalize"",""conditional_destroy""]","[""bailout"",""destructor"",""exception"",""reentrancy"",""safepoint""]","[""contract.opcode_matrix"",""opcode.ZEND_BIND_INIT_STATIC_OR_JMP""]","[{""end_line"":9332,""path"":""Zend/zend_vm_def.h"",""start_line"":9305,""symbol"":""ZEND_BIND_INIT_STATIC_OR_JMP""},{""end_line"":17354,""path"":""ext/opcache/jit/zend_jit_ir.c"",""start_line"":17354,""symbol"":""ZEND_BIND_INIT_STATIC_OR_JMP""}]","The cited VM handler and operand declaration provide the exception, bailout, destructor, reference/indirect paths used for this conservative annotation; JIT status uses only cited compiler cases."
204,ZEND_FRAMELESS_ICALL_0,"{""dispatches"":[],""extended"":[],""handler_style"":""ZEND_VM_HANDLER"",""op1"":[""UNUSED""],""op2"":[""UNUSED""],""spec"":[""OBSERVER""],""variants"":[]}",temporary,conditional,conditional,conditional,never,The cited handler has no reference-specific path; ordinary zval operands may still be dereferenced only according to their declared handler forms.,conditional,never,both,call.dynamic,not_started,not_started,"[""call"",""exception"",""observer""]","[""bailout"",""call_internal"",""call_php"",""observe_frame"",""read_memory"",""reenter_php"",""throw"",""write_memory""]","[""engine.exception"",""engine.observer"",""frame.args"",""frame.call_chain"",""heap.zval""]","[""engine.exception"",""frame.call_chain"",""frame.temps"",""heap.zval""]","[""produce_owned""]","[""bailout"",""exception"",""observer"",""reentrancy"",""safepoint""]","[""contract.opcode_matrix"",""opcode.ZEND_FRAMELESS_ICALL_0""]","[{""end_line"":9971,""path"":""Zend/zend_vm_def.h"",""start_line"":9952,""symbol"":""ZEND_FRAMELESS_ICALL_0""},{""end_line"":2720,""path"":""ext/opcache/jit/zend_jit.c"",""start_line"":2720,""symbol"":""ZEND_FRAMELESS_ICALL_0""},{""end_line"":6487,""path"":""ext/opcache/jit/zend_jit_trace.c"",""start_line"":6487,""symbol"":""ZEND_FRAMELESS_ICALL_0""}]","The cited VM handler and operand declaration provide the exception, bailout, PHP-call/reentrancy, observer paths used for this conservative annotation; JIT status uses only cited compiler cases."
205,ZEND_FRAMELESS_ICALL_1,"{""dispatches"":[],""extended"":[],""handler_style"":""ZEND_VM_HANDLER"",""op1"":[""ANY""],""op2"":[""UNUSED""],""spec"":[""OBSERVER""],""variants"":[]}",temporary,conditional,conditional,conditional,conditional,"The cited handler contains an explicit reference, indirect, dereference, or separation path; preserve alias identity and the listed ownership actions.",conditional,never,both,call.dynamic,not_started,not_started,"[""call"",""destructor"",""exception"",""observer"",""reference"",""zts""]","[""bailout"",""call_internal"",""call_php"",""observe_frame"",""read_memory"",""reenter_php"",""run_destructor"",""throw"",""write_memory""]","[""engine.exception"",""engine.observer"",""frame.args"",""frame.call_chain"",""heap.reference"",""heap.zval""]","[""engine.exception"",""frame.call_chain"",""frame.temps"",""heap.reference"",""heap.zval""]","[""canonicalize"",""conditional_destroy"",""produce_owned""]","[""bailout"",""destructor"",""exception"",""observer"",""reentrancy"",""safepoint""]","[""contract.opcode_matrix"",""opcode.ZEND_FRAMELESS_ICALL_1""]","[{""end_line"":9997,""path"":""Zend/zend_vm_def.h"",""start_line"":9972,""symbol"":""ZEND_FRAMELESS_ICALL_1""},{""end_line"":2723,""path"":""ext/opcache/jit/zend_jit.c"",""start_line"":2723,""symbol"":""ZEND_FRAMELESS_ICALL_1""},{""end_line"":6490,""path"":""ext/opcache/jit/zend_jit_trace.c"",""start_line"":6490,""symbol"":""ZEND_FRAMELESS_ICALL_1""}]","The cited VM handler and operand declaration provide the exception, bailout, PHP-call/reentrancy, destructor, observer, reference/indirect, ZTS executor-global paths used for this conservative annotation; JIT status uses only cited compiler cases."
206,ZEND_FRAMELESS_ICALL_2,"{""dispatches"":[],""extended"":[],""handler_style"":""ZEND_VM_HANDLER"",""op1"":[""ANY""],""op2"":[""ANY""],""spec"":[""OBSERVER""],""variants"":[]}",temporary,conditional,conditional,conditional,conditional,"The cited handler contains an explicit reference, indirect, dereference, or separation path; preserve alias identity and the listed ownership actions.",conditional,never,both,call.dynamic,not_started,not_started,"[""call"",""destructor"",""exception"",""observer"",""reference"",""zts""]","[""bailout"",""call_internal"",""call_php"",""observe_frame"",""read_memory"",""reenter_php"",""run_destructor"",""throw"",""write_memory""]","[""engine.exception"",""engine.observer"",""frame.args"",""frame.call_chain"",""heap.reference"",""heap.zval""]","[""engine.exception"",""frame.call_chain"",""frame.temps"",""heap.reference"",""heap.zval""]","[""canonicalize"",""conditional_destroy"",""produce_owned""]","[""bailout"",""destructor"",""exception"",""observer"",""reentrancy"",""safepoint""]","[""contract.opcode_matrix"",""opcode.ZEND_FRAMELESS_ICALL_2""]","[{""end_line"":10031,""path"":""Zend/zend_vm_def.h"",""start_line"":9998,""symbol"":""ZEND_FRAMELESS_ICALL_2""},{""end_line"":2727,""path"":""ext/opcache/jit/zend_jit.c"",""start_line"":2727,""symbol"":""ZEND_FRAMELESS_ICALL_2""},{""end_line"":6494,""path"":""ext/opcache/jit/zend_jit_trace.c"",""start_line"":6494,""symbol"":""ZEND_FRAMELESS_ICALL_2""}]","The cited VM handler and operand declaration provide the exception, bailout, PHP-call/reentrancy, destructor, observer, reference/indirect, ZTS executor-global paths used for this conservative annotation; JIT status uses only cited compiler cases."
207,ZEND_FRAMELESS_ICALL_3,"{""dispatches"":[],""extended"":[],""handler_style"":""ZEND_VM_HANDLER"",""op1"":[""ANY""],""op2"":[""ANY""],""spec"":[""OBSERVER""],""variants"":[]}",temporary,conditional,conditional,conditional,conditional,"The cited handler contains an explicit reference, indirect, dereference, or separation path; preserve alias identity and the listed ownership actions.",conditional,never,both,call.dynamic,not_started,not_started,"[""call"",""destructor"",""exception"",""observer"",""reference"",""zts""]","[""bailout"",""call_internal"",""call_php"",""observe_frame"",""read_memory"",""reenter_php"",""run_destructor"",""throw"",""write_memory""]","[""engine.exception"",""engine.observer"",""frame.args"",""frame.call_chain"",""heap.reference"",""heap.zval""]","[""engine.exception"",""frame.call_chain"",""frame.temps"",""heap.reference"",""heap.zval""]","[""canonicalize"",""conditional_destroy"",""produce_owned""]","[""bailout"",""destructor"",""exception"",""observer"",""reentrancy"",""safepoint""]","[""contract.opcode_matrix"",""opcode.ZEND_FRAMELESS_ICALL_3""]","[{""end_line"":10071,""path"":""Zend/zend_vm_def.h"",""start_line"":10032,""symbol"":""ZEND_FRAMELESS_ICALL_3""},{""end_line"":2732,""path"":""ext/opcache/jit/zend_jit.c"",""start_line"":2732,""symbol"":""ZEND_FRAMELESS_ICALL_3""},{""end_line"":6499,""path"":""ext/opcache/jit/zend_jit_trace.c"",""start_line"":6499,""symbol"":""ZEND_FRAMELESS_ICALL_3""}]","The cited VM handler and operand declaration provide the exception, bailout, PHP-call/reentrancy, destructor, observer, reference/indirect, ZTS executor-global paths used for this conservative annotation; JIT status uses only cited compiler cases."
208,ZEND_JMP_FRAMELESS,"{""dispatches"":[],""extended"":[""NUM"",""CACHE_SLOT""],""handler_style"":""ZEND_VM_HANDLER"",""op1"":[""CONST""],""op2"":[""JMP_ADDR""],""spec"":[],""variants"":[]}",control,never,never,never,never,The cited handler has no reference-specific path; ordinary zval operands may still be dereferenced only according to their declared handler forms.,never,never,both,control.branch,not_started,not_started,"[""zts""]","[""call_internal"",""read_memory"",""write_memory""]","[""engine.function_table"",""frame.call_chain"",""heap.array"",""runtime.cache""]","[""frame.call_chain""]","[""borrow""]",[],"[""contract.opcode_matrix"",""opcode.ZEND_JMP_FRAMELESS""]","[{""end_line"":9951,""path"":""Zend/zend_vm_def.h"",""start_line"":9929,""symbol"":""ZEND_JMP_FRAMELESS""},{""end_line"":2649,""path"":""ext/opcache/jit/zend_jit.c"",""start_line"":2649,""symbol"":""ZEND_JMP_FRAMELESS""},{""end_line"":5749,""path"":""ext/opcache/jit/zend_jit_trace.c"",""start_line"":5749,""symbol"":""ZEND_JMP_FRAMELESS""}]",The cited VM handler and operand declaration provide the ZTS executor-global paths used for this conservative annotation; JIT status uses only cited compiler cases.
209,ZEND_INIT_PARENT_PROPERTY_HOOK_CALL,"{""dispatches"":[],""extended"":[""NUM""],""handler_style"":""ZEND_VM_HANDLER"",""op1"":[""CONST""],""op2"":[""UNUSED"",""NUM""],""spec"":[],""variants"":[]}",call_frame,conditional,never,never,never,The cited handler has no reference-specific path; ordinary zval operands may still be dereferenced only according to their declared handler forms.,never,never,partial,call.dynamic,not_started,not_started,"[""call"",""exception""]","[""allocate"",""call_internal"",""read_memory"",""throw"",""write_memory""]","[""engine.exception"",""frame.args"",""frame.call_chain"",""heap.array"",""heap.object"",""heap.string"",""runtime.cache""]","[""engine.exception"",""frame.call_chain"",""gc.metadata"",""heap.zval""]","[""transfer""]","[""exception"",""safepoint""]","[""contract.opcode_matrix"",""opcode.ZEND_INIT_PARENT_PROPERTY_HOOK_CALL""]","[{""end_line"":10127,""path"":""Zend/zend_vm_def.h"",""start_line"":10072,""symbol"":""ZEND_INIT_PARENT_PROPERTY_HOOK_CALL""},{""end_line"":274,""path"":""ext/opcache/jit/zend_jit.c"",""start_line"":274,""symbol"":""ZEND_INIT_PARENT_PROPERTY_HOOK_CALL""}]","The cited VM handler and operand declaration provide the exception, allocation paths used for this conservative annotation; JIT status uses only cited compiler cases."
210,ZEND_DECLARE_ATTRIBUTED_CONST,"{""dispatches"":[],""extended"":[],""handler_style"":""ZEND_VM_HANDLER"",""op1"":[""CONST""],""op2"":[""CONST""],""spec"":[],""variants"":[]}",none,conditional,conditional,never,conditional,The cited handler has no reference-specific path; ordinary zval operands may still be dereferenced only according to their declared handler forms.,never,never,partial,runtime.declaration,not_started,not_started,"[""destructor"",""exception""]","[""bailout"",""call_internal"",""read_memory"",""reenter_php"",""run_destructor"",""throw"",""write_memory""]","[""engine.exception"",""frame.call_chain"",""heap.array"",""heap.string"",""heap.zval""]","[""engine.exception"",""frame.call_chain"",""heap.zval"",""runtime.symbol_table""]","[""borrow"",""conditional_destroy"",""copy_addref""]","[""bailout"",""destructor"",""exception"",""reentrancy"",""safepoint""]","[""contract.opcode_matrix"",""opcode.ZEND_DECLARE_ATTRIBUTED_CONST""]","[{""end_line"":8411,""path"":""Zend/zend_vm_def.h"",""start_line"":8370,""symbol"":""ZEND_DECLARE_ATTRIBUTED_CONST""},{""end_line"":4177,""path"":""ext/opcache/jit/zend_jit_ir.c"",""start_line"":4177,""symbol"":""ZEND_DECLARE_ATTRIBUTED_CONST""}]","The cited VM handler and operand declaration provide the exception, bailout, destructor paths used for this conservative annotation; JIT status uses only cited compiler cases."
211,ZEND_TYPE_ASSERT,"{""dispatches"":[],""extended"":[""NUM""],""handler_style"":""ZEND_VM_HOT_HANDLER"",""op1"":[""CONST""],""op2"":[""ANY""],""spec"":[],""variants"":[]}",temporary,conditional,conditional,never,conditional,The cited handler has no reference-specific path; ordinary zval operands may still be dereferenced only according to their declared handler forms.,never,never,none,scalar.compare,not_started,not_started,"[""destructor"",""exception"",""zts""]","[""bailout"",""call_internal"",""read_memory"",""reenter_php"",""run_destructor"",""throw"",""write_memory""]","[""engine.exception"",""engine.function_table"",""frame.call_chain"",""heap.string"",""heap.zval""]","[""engine.exception"",""frame.call_chain"",""frame.temps"",""heap.zval""]","[""conditional_destroy"",""produce_owned""]","[""bailout"",""destructor"",""exception"",""reentrancy"",""safepoint""]","[""contract.opcode_matrix"",""opcode.ZEND_TYPE_ASSERT""]","[{""end_line"":8971,""path"":""Zend/zend_vm_def.h"",""start_line"":8939,""symbol"":""ZEND_TYPE_ASSERT""}]","The cited VM handler and operand declaration provide the exception, bailout, destructor, ZTS executor-global paths used for this conservative annotation; JIT status uses only cited compiler cases."
212,ZEND_CALLABLE_CONVERT_PARTIAL,"{""dispatches"":[],""extended"":[""NUM""],""handler_style"":""ZEND_VM_HANDLER"",""op1"":[""CONST""],""op2"":[""CONST"",""UNUSED""],""spec"":[],""variants"":[]}",temporary,conditional,conditional,never,conditional,"The handler passes the call frame to the cited construction helper, which binds pre-bound arguments according to declared reference requirements without exposing a machine-level reference representation.",never,never,partial,call.dynamic,not_started,not_started,"[""destructor"",""exception""]","[""allocate"",""bailout"",""call_internal"",""read_memory"",""run_destructor"",""throw"",""write_memory""]","[""engine.exception"",""engine.function_table"",""frame.args"",""frame.call_chain"",""heap.array"",""heap.object"",""heap.reference"",""heap.string"",""heap.zval"",""runtime.cache""]","[""engine.exception"",""frame.call_chain"",""frame.temps"",""gc.metadata"",""heap.array"",""heap.object"",""heap.zval"",""runtime.cache""]","[""conditional_destroy"",""copy_addref"",""move"",""produce_owned"",""transfer""]","[""bailout"",""destructor"",""exception"",""safepoint""]","[""contract.opcode_matrix"",""opcode.ZEND_CALLABLE_CONVERT_PARTIAL""]","[{""end_line"":1132,""path"":""Zend/zend_partial.c"",""start_line"":1079,""symbol"":""zp_bind""},{""end_line"":1183,""path"":""Zend/zend_partial.c"",""start_line"":1134,""symbol"":""zend_partial_create""},{""end_line"":9927,""path"":""Zend/zend_vm_def.h"",""start_line"":9882,""symbol"":""ZEND_CALLABLE_CONVERT_PARTIAL""},{""end_line"":304,""path"":""ext/opcache/jit/zend_jit.c"",""start_line"":304,""symbol"":""ZEND_CALLABLE_CONVERT_PARTIAL""}]","The cited VM handler and partial-construction helper provide the allocation, exception, bailout, destructor, call-frame consumption, and cache paths used for this conservative annotation; JIT status uses only the cited compiler case."
213,ZEND_SEND_PLACEHOLDER,"{""dispatches"":[],""extended"":[],""handler_style"":""ZEND_VM_HANDLER"",""op1"":[""UNUSED""],""op2"":[""CONST"",""UNUSED"",""NUM""],""spec"":[],""variants"":[]}",none,conditional,conditional,never,never,The placeholder marker has no reference-specific path; it records an unbound argument slot without dereferencing or separating a value.,never,never,none,call.dynamic,not_started,not_started,"[""exception""]","[""allocate"",""bailout"",""call_internal"",""read_memory"",""throw"",""write_memory""]","[""engine.exception"",""frame.args"",""frame.call_chain"",""heap.array"",""heap.string"",""runtime.cache""]","[""engine.exception"",""frame.args"",""frame.call_chain"",""heap.array"",""runtime.cache""]","[""borrow""]","[""bailout"",""exception"",""safepoint""]","[""contract.opcode_matrix"",""opcode.ZEND_SEND_PLACEHOLDER""]","[{""end_line"":5610,""path"":""Zend/zend_execute.c"",""start_line"":5549,""symbol"":""zend_handle_named_arg""},{""end_line"":5751,""path"":""Zend/zend_vm_def.h"",""start_line"":5729,""symbol"":""ZEND_SEND_PLACEHOLDER""}]","The cited VM handler and named-argument helper provide the conditional allocation, exception, bailout, call-frame growth, argument-slot write, and cache paths used for this conservative annotation."
